41,61,0,"[28, -10, -126, 2, 77, -22, -10, 160, 74, -50, 3, 16, -125, -65, 55, -24, -81, 103, 124, -27, -14, 40, -99, -153, -7, -3, -82, 42, 148, 3, -20, 70, -17, -161, -53, -1, -105, -74, 86, -8, -113, -54, -52, -184, -109, 2, -71, -88, 106, 101, -51, -26, 21, -122, -146, 8, -2, -78, 51, 128, -40, -83, -5, -87, -186, -51, -2, -101, -55, 96, -4, -81, 3, -4, -149, -56, 49, -41, -75, 105, 91, -35, 3, 45, -90, -82, 60, 10, -81, 65, 137, -9, -34, 24, -84, -163, 2, 42, -54, 38, 204, 73, -25, 23, -25, -179, -75, 25, -65, -92, 81, 49, -65, -10, 22, -123, -108, 21, -18, -76, 91, 134, -41, -57, 17, -83, -136, 13, 21, -91, 0, 148, 25, -42, 19, -42, -199, -102, -18, -120, -131, 54, 19, -77, -28, -29, -184, -117, 37, -33, -105, 58, 84, -71, -56, 34, -69, -118, 10, -12, -123, -21, 88, -44, -65, 24, -58, -209, -91, -24, -119, -83, 92, -5, -122, -56, -50, -215, -182, -84, -179, -230, -49, -43, -198, -187, -142, -294, -344, -199, -206, -299, -183, -76, -213, -241, -166, -258, -375, -243, -180, -269, -221, -44, -132, -226, -155, -167, -317, -230, -101, -179, -217, -44, -67, -197, -140, -86, -219, -205, -42, -82, -173, -17, 82, -55, -55, 35, -53, -147, 2, 56, -28, 41, 208, 103, 27, 100, 75, -54, 49, 151, 64, 35, 212, 172, 39, 88, 131, -20, -17, 122, 82, 2, 160, 237, 98, 96, 168, 68, 1, 149, 170, 65, 150, 306, 184, 107, 168, 121, -7, 105, 208, 124, 131, 311, 236, 92, 145, 179, 35, 73, 214, 156, 90, 258, 306, 155, 149, 202, 73, 9, 154, 161, 61, 164, 301, 172, 124, 215, 166, 35, 146, 216, 117, 130, 298, 220, 103, 156, 165, 11, 55, 166, 81, 12, 182, 198, 51, 74, 145, 17, -29, 115, 107, 9, 121, 230, 89, 52, 125, 49, -61, 80, 154, 55, 86, 261, 178, 86, 154, 148, 1, 84, 216, 135, 68, 224, 213, 70, 104, 156, 8, -18, 132, 120, 32, 155, 244, 96, 68, 141, 53, -50, 89, 135, 36, 97, 263, 160, 72, 153, 137, -24, 42, 147, 74, 51, 217, 181, 40, 86, 132, -35, -56, 87, 66, -9, 122, 184, 41, 41, 124, 24, -65, 76, 102, -10, 57, 217, 116, 55, 136, 100, -40, 60, 155, 52, 26, 203, 157, 28, 81, 113, -45, -38, 98, 58, 5, 169, 210, 52, 60, 146, 32, -42, 99, 105, -8, 71, 200, 58, -5, 75, 35, -97, 22, 108, 8, 6, 180, 101, -19, 41, 64, -90, -53, 75, 17, -37, 134, 157, 8, 16, 80, -43, -89, 71, 66, -50, 42, 165, 34, -10, 60, -6, -119, 10, 60, -56, -35, 146, 64, -41, 22, 21, -134, -72, 55, -8, -52, 121, 128, -18, 0, 52, -82, -105, 56, 60, -19, 101, 202, 61, 21, 85, -10, -133, 1, 83, 10, 60, 215, 102, 8, 93, 86, -76, -5, 90, -24, -86]",0
35,54,0,"[136, 132, 48, 169, 308, 150, 53, 105, 52, -67, 50, 118, 5, 7, 189, 133, 19, 71, 75, -87, -44, 88, 37, -20, 137, 149, 8, 35, 97, -40, -86, 61, 58, -37, 61, 156, 12, -22, 60, -1, -121, -5, 41, -68, -49, 115, 26, -67, 5, 13, -113, -21, 106, 37, 3, 184, 176, 27, 60, 116, -22, -41, 104, 73, -26, 92, 185, 41, 16, 98, 19, -77, 57, 103, -3, 41, 200, 103, 16, 77, 53, -97, 4, 131, 44, 0, 165, 134, 3, 52, 108, -29, -49, 67, 19, -54, 108, 186, 19, -19, 35, -68, -135, 20, 38, -85, -27, 123, 10, -61, 11, -23, -171, -73, 19, -71, -77, 104, 60, -59, -11, 9, -145, -125, 12, -21, -83, 74, 119, -34, -38, 33, -68, -123, 35, 57, -44, 25, 146, 12, -49, 25, -19, -141, -23, 56, -45, -53, 103, 27, -76, -5, 18, -138, -102, 27, -26, -83, 83, 108, -40, -25, 49, -73, -134, 9, 18, -82, 19, 136, -4, -51, 32, -29, -155, -23, 56, -27, 0, 166, 72, -29, 51, 81, -53, 3, 116, 38, -8, 161, 161, 18, 42, 80, -98, -136, 69, 129, 71, 183, 263, 129, 124, 232, 180, 86, 213, 246, 132, 180, 358, 276, 196, 273, 261, 114, 197, 327, 276, 263, 445, 420, 273, 312, 372, 227, 192, 311, 290, 219, 368, 443, 281, 242, 305, 218, 122, 242, 277, 181, 242, 377, 240, 140, 210, 182, 27, 104, 188, 97, 83, 258, 199, 55, 102, 145, -4, -7, 112, 58, -20, 123, 172, 1, -12, 61, -43, -134, 3, 36, -59, 4, 122, -12, -74, 4, -44, -187, -93, -34, -149, -155, 23, -33, -154, -101, -57, -189, -163, -42, -110, -181, -19, 19, -117, -93, -26, -162, -230, -76, -57, -154, -67, 45, -86, -119, -25, -85, -213, -91, -25, -135, -120, 57, -13, -114, -45, -29, -182, -138, -29, -105, -152, 32, 53, -89, -84, -40, -178, -201, -34, -26, -124, -33, 58, -73, -99, -25, -113, -225, -82, -9, -106, -76, 74, -29, -126, -50, -41, -188, -121, 1, -59, -88, 85, 74, -57, -12, 45, -98, -124, 13, -5, -94, 24, 90, -74, -109, -27, -114, -210, -55, 5, -89, -50, 97, -2, -82, -8, -26, -171, -60, 55, -37, -59, 123, 99, -29, 3, 33, -97, -54, 107, 58, -42, 90, 165, 26, 23, 98, -5, -82, 71, 96, -24, 38, 181, 55, -17, 73, 43, -117, -34, 57, -43, -76, 85, 38, -57, 18, 54, -89, -57, 81, 27, -40, 116, 160, 25, 44, 113, -9, -71, 87, 97, -21, 55, 181, 42, -22, 52, 8, -110, 3, 72, -36, -24, 168, 115, 10, 61, 64, -97, -58, 57, -23, -97, 72, 96, -65, -72, -34, -174, -210, -44, -60, -187, -102, 4, -132, -174, -99, -170, -289, 124, 8, 53, 96, -41, -36, 101, 61, -24, 103, 168, 22, 7, 82, -5, -76, 60, 100, 4, 55, 182, 73, 20, 97, 51, -98, -11, 72, -7, -10, 152, 104, -11, 33, 52, -106, -100, 39]",0
56,100,0,"[205, 119, 151, 209, 101, 57, 193, 193, 98, 166, 250, 146, 102, 147, 80, -26, 88, 163, 66, 44, 165, 102, 18, 73, 82, -57, -34, 72, 49, 37, 177, 180, 58, 74, 133, 57, 55, 192, 186, 112, 203, 291, 170, 137, 212, 160, 74, 194, 247, 164, 182, 298, 217, 147, 198, 172, 28, 75, 161, 80, 33, 183, 195, 84, 76, 65, -83, -87, 43, 24, -55, 37, 102, -19, -40, 35, -13, -82, 38, 82, -7, 27, 154, 85, 37, 107, 113, 17, 96, 173, 114, 100, 233, 194, 89, 138, 177, 50, 38, 138, 108, 43, 141, 178, 60, 57, 116, 28, -50, 54, 77, -8, 32, 145, 58, 11, 69, 29, -82, -6, 51, -46, -70, 60, 8, -101, -67, -43, -150, -115, -3, -43, -103, 25, 69, -45, -33, 44, -26, -65, 57, 67, -11, 60, 155, 43, 2, 64, 13, -98, -2, 77, 4, 4, 141, 100, 33, 91, 98, -41, -8, 98, 43, -11, 112, 138, 23, 20, 58, -27, -54, 52, 38, -45, 43, 139, 25, -14, 51, 6, -84, -2, 36, -44, -13, 130, 66, -9, 45, 49, -71, -19, 80, 18, -22, 116, 117, -5, 2, 52, -38, -43, 82, 60, -23, 64, 133, 16, -10, 48, -23, -108, 7, 60, 1, 56, 179, 99, 43, 103, 80, -50, 2, 83, 20, 2, 134, 109, 5, 25, 39, -82, -84, 28, 12, -49, 67, 129, 11, 4, 61, -8, -72, 40, 66, -8, 49, 170, 92, 50, 105, 60, -58, 22, 106, 35, 7, 132, 99, 7, 51, 83, -36, -36, 65, 39, -9, 93, 114, -19, -13, 42, -50, -91, 26, 25, -61, 1, 115, 9, -44, 22, 6, -83, 12, 86, 18, 25, 156, 93, 5, 75, 98, -27, 8, 132, 102, 44, 147, 151, 45, 81, 134, 9, -57, 50, 57, -7, 72, 149, 32, -1, 67, 13, -76, 23, 76, 1, 13, 153, 96, 24, 84, 84, -37, 6, 105, 66, 38, 177, 167, 39, 57, 103, 5, -7, 108, 98, 17, 97, 155, 33, 11, 86, 25, -59, 49, 86, -7, 9, 136, 66, -2, 56, 53, -57, -17, 42, -30, -62, 76, 61, -27, 44, 139, 75, 105, 240, 214, 145, 258, 323, 199, 167, 198, 93, 3, 103, 120, 37, 93, 213, 113, 48, 100, 65, -55, 20, 93, 11, -10, 124, 90, -22, 5, 33, -86, -94, -2, -40, -99, 26, 69, -55, -76, -42, -132, -163, -24, -6, -93, -35, 69, -26, -69, -1, -41, -163, -83, -12, -76, -71, 61, 8, -69, -1, 32, -88, -60, 49, 8, -45, 70, 97, -6, 10, 72, -18, -60, 66, 84, 9, 71, 160, 48, -1, 61, 9, -115, -45, -3, -83, -68, 69, -3, -94, -36, -26, -167, -137, -26, -53, -68, 68, 64, -60, -42, 8, -97, -117, 21, 28, -44, 33, 112, 16, 6, 77, 22, -56, 58, 119, 40, 69, 214, 153, 83, 139, 130, -1, 57, 163, 93, 29, 140, 138, 37, 55, 74, -52, -71, 49, 34, -43, 44, 99, -33, -52, 22, -28, -105, -2]",0
27,51,0,"[81, -51, -36, 68, 26, -13, 114, 139, 29, 45, 96, -21, -75, 49, 66, -11, 64, 162, 50, 10, 80, 26, -81, 8, 58, -23, -1, 155, 99, 11, 66, 75, -37, 5, 106, 57, 8, 123, 130, 26, 48, 80, -33, -61, 49, 35, -49, 44, 144, 35, 5, 76, 21, -72, 22, 59, -27, -2, 124, 44, -34, 32, 38, -85, -26, 61, -6, -39, 100, 101, -3, 17, 53, -51, -55, 60, 40, -28, 73, 151, 32, 4, 77, 32, -40, 56, 83, 2, 44, 165, 68, -14, 34, 17, -93, -6, 75, -11, -43, 101, 76, -38, -22, 1, -114, -109, -1, -37, -107, 2, 70, -25, -29, 18, -56, -92, 42, 70, -25, 10, 120, 35, -4, 68, 53, -44, 49, 118, 22, 3, 140, 96, -8, 25, 44, -70, -39, 75, 35, -26, 89, 115, -4, 1, 58, -29, -82, 34, 48, -25, 48, 138, 17, -39, 16, -27, -132, -36, 26, -41, -18, 133, 84, 6, 72, 99, -18, 23, 137, 97, 52, 177, 185, 60, 76, 120, 5, -40, 70, 69, -3, 82, 173, 72, 40, 91, 24, -68, 41, 101, 24, 48, 171, 88, 1, 48, 35, -87, -36, 65, 11, -22, 116, 118, 1, 11, 49, -57, -58, 84, 76, -3, 82, 150, 37, 16, 85, 33, -40, 71, 108, 22, 55, 187, 107, 26, 69, 52, -60, 5, 85, 4, -28, 107, 104, 18, 51, 76, -42, -50, 67, 50, -17, 85, 137, 29, 38, 103, 19, -52, 74, 108, 20, 73, 200, 101, 25, 72, 49, -56, 19, 104, 48, 48, 194, 153, 41, 69, 89, -26, -17, 93, 65, 9, 120, 145, 8, 1, 65, -9, -61, 40, 41, -40, 29, 147, 43, -3, 72, 51, -57, 24, 97, 20, 20, 166, 109, 1, 37, 53, -69, -25, 92, 48, -8, 112, 128, 9, 26, 93, 5, -34, 87, 81, -9, 64, 167, 68, 24, 72, 18, -90, -1, 39, -58, -54, 75, 8, -68, -11, -12, -134, -72, 41, -9, -58, 73, 90, -13, 4, 41, -61, -75, 61, 69, -1, 87, 169, 55, 42, 122, 64, -40, 64, 121, 50, 81, 209, 108, 17, 108, 4, -3, 56, -18, -99, 12, 66, -6, 23, 146, 72, 11, 59, 28, -83, -2, 96, 26, -12, 107, 90, 4, 41, 67, -57, -62, 40, 16, -35, 74, 105, -22, -19, 50, -26, -104, -7, 11, -59, 0, 115, 16, -39, 41, 48, -49, 13, 67, 0, 7, 156, 129, 39, 81, 97, -25, -6, 96, 44, -19, 98, 137, 18, 1, 39, -56, -114, -4, 8, -57, 16, 123, 37, -4, 53, 20, -69, 24, 85, 2, -8, 118, 77, 12, 66, 64, -62, -22, 86, 40, 1, 132, 148, 34, 39, 77, -17, -24, 115, 112, 16, 93, 196, 101, 69, 130, 69, -34, 48, 90, 17, 34, 146, 68, -7, 49, 43, -82, -29, 69, 5, -37, 105, 130, 32, 37, 53, -51, -52, 68, 44, -33, 64, 131, 4, -37, 17, -19, -61, 40, 58, -27, 12, 149, 87, 36, 93, 72, -50, 1, 71]",0
13,17,0,"[-42, -59, 49, 38, -22, 75, 160, 49, 11, 69, 16, -60, 38, 70, -21, 3, 131, 55, -17, 37, 37, -75, -23, 56, -5, -23, 121, 105, -12, -3, 21, -84, -83, 43, 37, -38, 39, 92, -3, -3, 57, -13, -84, 18, 36, -43, 5, 125, 41, -21, 38, 38, -55, 9, 75, 8, -3, 132, 101, -9, 21, 51, -57, -51, 42, 0, -57, 70, 140, 48, 49, 103, 12, -54, 48, 58, -11, 66, 199, 116, 51, 100, 68, -28, 53, 114, 38, 41, 182, 129, 22, 55, 70, -41, -17, 84, 38, -12, 119, 165, 56, 57, 106, 6, -57, 40, 52, -21, 49, 136, 29, -12, 41, -7, -104, -3, 66, -4, 7, 139, 77, -14, 24, 29, -84, -51, 33, -11, -38, 100, 119, 24, 49, 90, -9, -34, 80, 73, 4, 80, 145, 38, 19, 84, 38, -29, 72, 107, 22, 41, 156, 81, 0, 52, 51, -60, -14, 59, -1, -29, 98, 97, 1, 27, 64, -43, -60, 40, 26, -25, 71, 125, 17, 8, 74, 11, -56, 40, 67, -6, 39, 155, 74, 17, 81, 73, -25, 41, 118, 50, 23, 151, 128, 29, 67, 102, -13, -20, 83, 56, -5, 86, 105, -26, -28, 39, -39, -117, -27, -22, -106, -49, 65, -14, -62, -6, -27, -123, -36, 44, -11, -12, 114, 76, 19, 91, 115, -14, -9, 88, 53, 9, 131, 162, 54, 64, 107, 26, 4, 135, 139, 37, 85, 171, 75, 27, 75, 29, -54, 43, 96, 6, 8, 141, 93, 19, 57, 42, -89, -56, 38, -3, -36, 91, 104, -3, -2, 37, -52, -70, 49, 45, -27, 49, 122, 19, -8, 61, 17, -62, 23, 49, -30, 4, 136, 71, 2, 55, 52, -51, 9, 87, 4, -43, 85, 85, -13, -1, 26, -77, -84, 27, 4, -67, 38, 101, -4, -13, 48, -17, -102, -11, 23, -34, 24, 140, 51, -20, 39, 36, -53, 24, 112, 55, 35, 155, 128, 27, 59, 91, -12, -6, 108, 85, 18, 115, 152, 34, 21, 82, 8, -53, 41, 58, -3, 51, 140, 38, -12, 51, 24, -76, -6, 48, -24, -26, 106, 68, -19, 25, 50, -67, -56, 41, 18, -12, 106, 133, 23, 20, 61, -21, -58, 49, 50, -19, 65, 162, 61, 21, 81, 48, -41, 39, 90, 9, 11, 132, 74, 2, 50, 56, -54, -26, 51, -4, -49, 73, 85, -21, -5, 50, -35, -68, 28, 19, -52, 27, 97, -11, -28, 41, -2, -87, 9, 67, 9, 65, 205, 137, 55, 100, 98, -8, 42, 137, 92, 64, 173, 150, 38, 58, 98, -3, -19, 80, 38, -38, 68, 145, 35, 1, 43, -24, -98, 2, 27, -50, -8, 112, 44, -10, 37, 18, -84, -11, 68, 10, 9, 161, 137, 22, 44, 90, -2, -6, 91, 76, 35, 149, 185, 60, 49, 107, 41, -18, 72, 83, 3, 55, 154, 66, 10, 57, 29, -73, -7, 56, -8, -19, 105, 66, -26, 2, 11, -98, -65, 39, -5, -66, 49, 81, -33, -34, 25, -50, -92, 22, 40, -36, 26, 135]",1
34,24,0,"[54, -23, 6, 91, 45, 27, 74, 44, -39, 7, 43, -11, 1, 122, 113, 38, 49, 55, -28, -17, 59, 28, -9, 80, 98, 11, 12, 40, -38, -83, -7, 6, -43, 3, 86, 48, 28, 55, -2, -76, 0, 52, -1, 1, 89, 44, -26, -2, 6, -52, 5, 97, 61, 20, 108, 112, 11, 4, 32, -34, -21, 108, 118, 49, 101, 138, 32, -3, 39, -10, -71, 34, 106, 69, 86, 152, 48, -43, -3, 13, -45, 20, 89, 21, -20, 75, 43, -62, -54, -13, -71, -42, 81, 68, -8, 59, 108, 9, -5, 49, 0, -38, 88, 140, 68, 75, 141, 43, -19, 73, 67, 33, 133, 169, 87, 99, 146, 55, -11, 61, 57, -17, 53, 162, 91, 55, 109, 69, -38, 8, 54, -1, 16, 139, 114, 55, 91, 84, -44, -50, 17, -11, -37, 82, 117, 44, 60, 85, -19, -82, -20, -33, -99, -24, 74, 38, 52, 106, 33, -84, -44, -25, -87, -61, 75, 87, 69, 112, 86, -44, -43, 23, -3, -13, 99, 133, 86, 102, 98, -19, -71, -20, -36, -77, 2, 85, 57, 76, 119, 52, -43, -13, 1, -51, -18, 89, 86, 69, 87, 44, -59, -52, 2, -22, -26, 69, 91, 54, 70, 70, -22, -60, -21, -34, -51, 35, 91, 44, 39, 69, 18, -35, 21, 35, -17, 9, 74, 13, -20, 28, 29, -39, 2, 54, 9, -10, 54, 28, -23, 5, 26, -39, -22, 58, 50, 7, 58, 55, -42, -43, 20, -4, -20, 72, 90, 32, 65, 117, 24, -27, 8, -4, -49, 39, 104, 52, 32, 104, 61, -6, 17, 37, -26, 7, 96, 75, 35, 99, 105, 26, 22, 49, -12, -29, 67, 84, 25, 58, 103, 24, 12, 72, 40, -35, 33, 90, 50, 55, 144, 100, 43, 86, 97, -1, 9, 76, 41, 8, 99, 113, 53, 70, 89, 5, -14, 67, 60, 6, 74, 140, 74, 54, 89, 49, -13, 48, 76, 28, 57, 151, 107, 59, 85, 59, -36, 2, 75, 42, 17, 106, 103, 29, 44, 67, -19, -44, 11, -6, -49, 27, 85, 24, 21, 57, 7, -41, 19, 34, -12, 21, 108, 57, 11, 41, 21, -55, -21, 13, -38, -53, 42, 38, -21, -2, 11, -65, -60, 18, 11, -13, 70, 120, 57, 53, 83, 19, -27, 45, 70, 12, 34, 90, 34, 11, 60, 37, -46, -18, 8, -29, -11, 87, 59, -2, 25, 38, -45, -43, 24, 20, 6, 82, 86, 18, 29, 69, 9, -25, 34, 26, -28, 17, 85, 33, 17, 66, 48, -11, 35, 64, 6, 4, 97, 75, 24, 51, 52, -28, -3, 71, 48, 9, 74, 72, 2, 4, 28, -25, -28, 57, 60, 6, 42, 73, -4, -18, 27, -8, -59, 24, 74, 23, 27, 102, 39, -21, 11, 17, -51, -5, 64, 22, 1, 87, 66, -18, 0, 35, -22, -1, 106, 103, 35, 81, 107, 6, -13, 38, 5, -28, 66, 98, 29, 39, 104, 16, -51, -10, -5, -68, -1, 72, 23, 2, 97, 53, -41, -17, 21, -54, -41, 54]",1
44,41,0,"[9, -71, 12, 49, -23, 3, 115, 49, -12, 42, 50, -52, -17, 43, -21, -35, 116, 130, 32, 40, 60, -49, -71, 16, -4, -45, 71, 147, 56, 32, 67, -8, -83, 9, 42, -18, 32, 154, 104, 61, 114, 85, -35, -4, 43, -17, -22, 103, 80, -8, 10, 40, -54, -57, 28, 11, -25, 87, 150, 72, 67, 103, 19, -49, 26, 35, -33, 22, 131, 81, 49, 92, 56, -54, -12, 24, -35, -13, 120, 114, 59, 92, 92, -11, -17, 41, 2, -33, 71, 113, 50, 66, 97, 4, -54, 7, -2, -65, -3, 91, 56, 55, 105, 49, -65, -35, -5, -51, -20, 99, 75, 12, 35, 20, -83, -59, 4, -29, -44, 60, 87, 20, 27, 64, -10, -42, 28, 34, -3, 75, 144, 70, 50, 86, 22, -61, 0, 40, -9, -4, 81, 49, 7, 43, 34, -58, -26, 32, -7, -27, 58, 40, -38, -21, 6, -67, -61, 42, 49, 1, 55, 91, 2, -21, 20, -10, -50, 26, 51, -11, -5, 65, 7, -28, 19, 20, -43, 9, 73, 28, 12, 114, 102, 29, 44, 57, -26, -21, 66, 51, 7, 84, 109, 10, 0, 58, 17, -21, 66, 89, 39, 86, 157, 72, 19, 65, 53, -17, 49, 112, 57, 41, 139, 107, 24, 48, 71, -8, 3, 86, 60, 17, 104, 131, 42, 43, 96, 40, -1, 67, 57, -9, 41, 131, 67, 26, 61, 25, -53, 5, 52, 3, 9, 118, 81, 3, 27, 45, -28, -22, 34, -2, -27, 73, 99, 36, 58, 87, -4, -44, 26, 16, -46, 11, 90, 43, 36, 85, 57, -5, 53, 80, 24, 52, 155, 124, 85, 135, 130, 26, 50, 113, 70, 35, 115, 112, 41, 59, 91, 10, -19, 52, 41, -7, 66, 135, 76, 69, 107, 51, -9, 75, 108, 37, 54, 137, 76, 17, 49, 43, -23, 26, 82, 23, -4, 93, 100, 26, 36, 60, -17, -23, 50, 44, 20, 102, 125, 16, -10, 34, 1, -23, 70, 90, 25, 58, 140, 80, 23, 44, 16, -56, 39, 136, 87, 49, 116, 72, 7, 66, 107, 26, 61, 173, 155, 87, 144, 141, 25, 18, 74, 27, 8, 123, 154, 100, 144, 186, 65, 5, 55, 45, -9, 81, 130, 59, 60, 170, 104, 3, 39, 74, 5, 50, 146, 91, 16, 90, 82, -29, -8, 64, -6, -39, 56, 56, -10, 65, 138, 43, 16, 65, 9, -71, 27, 103, 44, 52, 146, 66, -22, 20, 26, -77, -34, 59, 22, -4, 108, 101, -9, -1, 32, -65, -68, 52, 43, -25, 50, 108, 5, -21, 32, -19, -78, 48, 119, 45, 49, 144, 68, -5, 27, 13, -89, -39, 45, 2, -17, 124, 133, 33, 40, 68, -33, -39, 60, 43, -10, 93, 147, 20, -24, 20, -46, -129, -38, -3, -58, 3, 113, 16, -49, 16, 11, -86, -37, 18, -53, -82, 25, 5, -52, 5, 44, -61, -69, 27, 8, -36, 73, 105, -19, -26, 41, -22, -78, 23, 48, -19, 41, 145, 42, -23, 23, -10, -99, -5, 67, 0, -3, 108]",1
63,66,0,"[10, -44, 0, -44, -154, -75, -7, -68, -73, 24, -36, -125, -100, -91, -204, -185, -100, -147, -177, -40, -20, -132, -124, -76, -154, -172, -59, -66, -139, -49, 55, -11, -21, 38, -5, -90, -18, 16, -50, -14, 108, 55, -13, 37, 51, -43, -1, 90, 53, -2, 73, 60, -21, 2, 51, -29, -49, 59, 71, 23, 106, 173, 85, 56, 104, 59, 4, 92, 121, 43, 67, 178, 117, 52, 101, 98, -8, 34, 103, 53, 42, 160, 145, 75, 121, 148, 41, 24, 119, 117, 84, 192, 245, 136, 100, 118, 35, -23, 66, 84, 16, 82, 200, 113, 28, 59, 32, -66, 1, 67, -3, -25, 86, 59, -21, 22, 69, -6, 11, 102, 59, -5, 87, 122, 20, 23, 73, 2, -43, 55, 77, 17, 70, 154, 41, -17, 57, 54, -27, 44, 118, 68, 70, 179, 138, 58, 89, 99, -7, 18, 117, 86, 40, 160, 200, 105, 105, 139, 44, 4, 106, 106, 36, 107, 187, 88, 44, 97, 64, -19, 49, 90, 22, 49, 186, 147, 64, 73, 77, 10, 67, 137, 65, 11, 134, 152, 53, 71, 122, 26, -18, 72, 84, 56, 160, 219, 115, 98, 155, 100, 11, 83, 101, 6, 21, 139, 83, 21, 76, 86, 4, 59, 123, 40, -18, 96, 116, 57, 74, 75, -41, -42, 101, 121, 44, 108, 156, 40, -9, 12, -60, -137, -40, 2, -70, -25, 113, 73, 33, 74, 59, -28, 43, 153, 134, 123, 224, 171, 64, 93, 128, 24, 6, 75, 29, -28, 74, 132, 49, 53, 91, 0, -43, 92, 123, 8, 3, 71, -3, -45, 7, -9, -62, 59, 134, 55, 65, 229, 217, 125, 134, 119, -21, -42, 20, -18, -58, 50, 82, 2, 27, 103, 29, -41, 19, 16, -44, 34, 121, 22, -19, 68, 121, 83, 101, 86, 3, 35, 180, 147, 52, 49, 17, -102, -67, 37, 35, 40, 180, 194, 88, 84, 102, -9, -60, 19, 32, 16, 118, 181, 71, 25, 65, 21, -41, 17, 17, -66, -45, 77, 81, 80, 145, 154, 70, 102, 146, 73, 48, 168, 178, 91, 92, 93, -25, -67, 3, -21, -68, 32, 120, 66, 80, 150, 86, -25, -2, 10, -27, 29, 137, 86, 38, 66, 26, -90, -73, -26, -58, -39, 99, 120, 41, 21, 26, -29, -25, 1, -41, -57, 53, 134, 97, 109, 153, 90, 8, 24, 5, -61, -24, 84, 80, 56, 59, 6, -78, -42, 5, -28, -20, 99, 106, 55, 70, 60, -45, -73, -21, -53, -113, -46, -4, -33, 43, 150, 105, 51, 100, 97, 38, 69, 114, 26, -26, -3, -29, -93, -26, 34, 6, 17, 88, 25, -61, -54, -51, -110, -62, 34, 37, 22, 86, 41, -85, -83, -14, -21, 12, 131, 130, 34, 48, 119, 113, 135, 168, 87, -19, 32, 81, 34, 40, 122, 69, -4, 12, 16, -50, 8, 97, 60, 24, 114, 99, -23, -41, 19, -10, -36, 13, -12, -60, 25, 96, 25, 24, 100, 53, -49, -5, 34, 8, 65, 153, 84, 33, 89, 92, 13, 53, 108]",1
44,57,0,"[16, -43, 64, 59, -37, 19, 116, 67, 35, 57, -8, -108, -25, 33, -39, -56, 107, 121, 61, 93, 81, -53, -38, 28, -21, -41, 89, 122, 34, 39, 57, -65, -88, 55, 72, 17, 71, 128, 17, -22, 39, 22, -44, 22, 55, -33, -41, 48, 8, -35, -2, 4, -70, -22, 44, -1, -29, 74, 70, -29, -11, 32, -49, -36, 81, 70, 9, 119, 197, 86, 43, 91, 17, -54, 32, 68, 3, 37, 151, 89, 27, 67, 61, -38, -10, 20, -61, -59, 99, 101, -9, 5, 59, -5, 13, 122, 92, 26, 153, 242, 163, 156, 189, 69, -53, -2, 2, -86, -56, 61, 1, -39, -2, -43, -166, -138, -90, -141, -145, -5, 13, -29, 2, 6, -105, -120, -33, -52, -101, 6, 73, 22, 28, 45, -51, -119, -50, -21, -65, -10, 90, 51, 59, 137, 100, -24, -14, 0, -61, -58, 50, 35, 26, 136, 169, 35, -5, 52, 37, 25, 139, 162, 76, 57, 58, -42, -94, -27, -33, -87, -10, 98, 73, 50, 84, 37, -57, -30, -2, -33, 10, 131, 118, 74, 92, 74, -22, -19, 19, -8, -21, 69, 77, 4, 17, 52, -23, -56, 23, 39, 12, 84, 129, 39, 0, 39, 9, -23, 86, 130, 54, 50, 118, 44, -25, 10, 37, -21, 21, 76, 56, 68, 154, 98, -26, -17, 28, -41, -44, 59, 58, -1, 56, 80, -22, -28, 40, 0, -55, 29, 71, 25, 61, 139, 86, 53, 87, 23, -69, 17, 99, 49, 18, 100, 69, -9, -4, 16, -59, -25, 68, 32, -19, 74, 115, 28, 26, 74, 38, 20, 92, 102, 49, 103, 195, 133, 76, 97, 75, -24, -10, 38, -6, -20, 65, 51, 27, 106, 132, 33, 35, 99, 71, 29, 135, 173, 117, 122, 122, 24, -20, 74, 97, 37, 89, 176, 116, 69, 100, 66, -8, 38, 80, 160, 178, 99, 112, 199, 150, 98, 117, 91, 1, 58, 149, 112, 70, 137, 112, 48, 82, 105, 19, -2, 37, -5, -51, 33, 58, -25, -20, 25, -58, -131, -43, -10, -65, -41, 19, -53, -98, -56, -68, -123, -56, -14, -84, -98, 2, -8, -67, -67, -69, -115, -72, -18, -75, -125, -35, 25, -5, 17, 49, -29, -87, -23, -9, -43, 18, 76, -4, -45, -10, -37, -104, -52, -8, -56, -51, 49, 43, 17, 59, 65, -17, 11, 84, 40, -7, 66, 68, -11, -11, 7, -70, -90, -3, 11, -24, 39, 89, 1, -29, 19, -2, -44, 29, 65, 8, 21, 98, 40, -10, 33, 51, -4, 49, 116, 70, 44, 137, 121, 35, 40, 68, 2, 4, 89, 76, 22, 91, 124, 28, 6, 51, 12, -21, 75, 112, 49, 66, 134, 53, -10, 34, 40, -21, 39, 114, 69, 52, 146, 105, 0, 5, 28, -39, -19, 73, 59, 19, 108, 147, 56, 40, 85, 35, -5, 81, 107, 53, 96, 170, 93, 53, 106, 99, 28, 99, 153, 80, 50, 137, 89, -2, 11, 24, -53, -4, 105, 83, 41, 136, 150, 51, 48, 87, 23, -4, 75, 60, -17]",1
54,23,0,"[-18, 19, -27, -29, 75, 77, 37, 82, 100, 5, -10, 35, 2, -28, 64, 107, 51, 57, 77, -6, -65, 0, 8, -35, 22, 113, 72, 49, 84, 55, -26, 0, 25, -19, -9, 75, 56, 13, 44, 40, -51, -49, 9, -13, -34, 57, 87, 23, 22, 48, -13, -49, 17, 27, -5, 52, 114, 51, 23, 57, 24, -34, 19, 50, 2, 10, 90, 48, -5, 32, 48, -18, 13, 84, 54, 24, 93, 81, -6, -9, 16, -38, -41, 40, 43, 10, 81, 132, 57, 37, 75, 40, -12, 44, 66, 8, 29, 117, 61, 0, 19, 7, -68, -26, 36, 1, -8, 97, 109, 51, 75, 114, 44, 29, 87, 61, 7, 64, 90, 16, 6, 41, -8, -45, 28, 49, -5, 32, 124, 76, 33, 65, 57, -6, 36, 85, 37, 32, 121, 106, 51, 66, 68, -13, -12, 55, 36, -2, 69, 104, 41, 39, 68, 12, -20, 53, 61, 8, 51, 130, 85, 50, 69, 27, -57, -20, 17, -25, -23, 65, 51, 11, 43, 50, -34, -23, 52, 44, 16, 85, 99, 29, 27, 49, -17, -34, 50, 53, -6, 37, 98, 29, -5, 22, 5, -20, 66, 103, 38, 25, 101, 60, 10, 43, 45, -33, 10, 97, 65, 24, 97, 86, 1, 10, 50, -4, 2, 99, 101, 56, 116, 145, 33, -1, 51, 27, -6, 82, 117, 53, 70, 150, 86, 22, 58, 64, -8, 49, 121, 81, 58, 148, 117, 28, 48, 75, 1, -1, 83, 81, 35, 105, 137, 51, 35, 82, 37, -6, 88, 124, 72, 106, 188, 106, 36, 68, 57, -8, 59, 117, 56, 32, 123, 89, 1, 24, 60, -5, 21, 106, 61, -5, 69, 87, -8, -8, 38, -22, -49, 66, 92, 25, 64, 131, 50, 8, 59, 36, -42, 22, 77, 22, 25, 136, 85, -2, 26, 41, -44, -12, 81, 58, 20, 106, 109, 9, 18, 66, 4, -9, 91, 96, 24, 81, 150, 65, 26, 68, 28, -39, 49, 100, 28, 28, 130, 72, 3, 50, 67, -19, 12, 90, 48, 16, 125, 124, 19, 16, 38, -44, -54, 43, 36, -25, 48, 114, 23, 2, 61, 19, -51, 35, 71, 3, 32, 146, 87, 20, 52, 42, -54, -7, 69, 23, 0, 118, 117, 33, 55, 88, -3, -18, 71, 54, -7, 75, 132, 41, 25, 81, 33, -19, 64, 66, -18, 27, 134, 64, 7, 52, 26, -76, -25, 44, 1, -4, 104, 65, -26, 7, 43, -41, -29, 57, 32, -21, 73, 105, 5, 3, 65, 7, -38, 109, 16, -25, 22, 5, -61, 12, 72, 17, 8, 90, 32, -46, -7, 22, -46, -14, 66, 38, 3, 103, 108, 7, 3, 40, -28, -56, 24, 20, -43, 20, 89, 8, -19, 27, -10, -75, 12, 57, -9, 5, 114, 67, 7, 48, 48, -43, -9, 68, 35, 1, 93, 84, -6, 5, 38, -34, -28, 69, 54, -4, 72, 131, 34, 6, 59, 16, -44, 35, 69, 12, 48, 141, 70, 2, 38, 28, -57, -5, 64, 18, 3, 109, 84, -7, 19, 56, -33, -42]",1
