"[-9, 57, 113, 83, -6, -58, -20, 49, 84, 67, 41, 82, 150, 153, 76, 11, 25, 72, 77, -5, -109, -124, -57, -20, -75, -169, -213, -188, -155, -163, -197, -186, -90, 9, 10, -78, -131, -71, 37, 100, 41, -56, -38, 85, 172, 176, 146, 165, 218, 277, 276, 240, 264, 336, 356, 304, 246, 272, 346, 386, 345, 265, 247, 292, 322, 245, 90, 27, 91, 168, 192, 161, 131, 163, 214, 198, 114, 68, 115, 173, 176, 108, 54, 72, 140, 177, 138, 91, 119, 169, 179, 128, 48, 17, 58, 96, 65, -8, -27, 8, 18, -18, -85, -115, -55, 7, -5, -74, -91, -9, 73, 97, 40, -38, -40, 8, 21, -24, -82, -67, -6, 12, -8, -37, -2, 93, 165, 139, 88, 105, 194, 295, 330, 293, 283, 346, 411, 400, 324, 276, 285, 321, 327, 259, 180, 183, 251, 290, 249, 208, 235, 321, 387, 375, 330, 348, 417, 432, 369, 276, 235, 256, 285, 274, 212, 182, 226, 258, 205, 108, 64, 85, 112, 72, -20, -71, -51, -36, -73, -135, -145, -82, -18, -26, -86, -126, -103, -43, -25, -75, -140, -137, -82, -51, -105, -199, -204, -107, -38, -54, -107, -109, -56, -4, -17, -88, -120, -69, -12, -37, -137, -181, -110, -23, -1, -42, -68, -4, 84, 92, 26, -9, 23, 73, 72, 16, -36, -19, 33, 40, -22, -108, -113, -45, 5, -10, -65, -68, -4, 48, 22, -44, -68, -25, 25, 25, -41, -73, -26, 24, 1, -83, -126, -100, -37, 5, -24, -70, -42, -3, -26, -116, -170, -124, -42, -5, -40, -85, -54, 42, 96, 52, -29, -56, -27, -19, -59, -134, -167, -118, -54, -56, -121, -102, 81, 246, 260, 168, 123, 193, 279, 268, 166, 67, 53, 74, 70, 32, 6, 35, 101, 136, 90, 7, -9, 25, 58, 34, -41, -93, -90, -77, -115, -181, -200, -164, -129, -131, -203, -253, -185, -84, -58, -132, -190, -163, -110, -106, -178, -244, -209, -109, -58, -116, -205, -194, -116, -62, -76, -93, -27, 87, 163, 149, 90, 100, 187, 267, 277, 218, 198, 243, 278, 260, 211, 210, 264, 311, 320, 267, 226, 264, 322, 296, 209, 169, 217, 279, 294, 236, 162, 157, 200, 184, 81, -40, -78, -35, 6, -20, -85, -89, -35, 6, -20, -88, -119, -90, -51, -69, -136, -172, -115, -44, -55, -129, -164, -121, -59, -68, -133, -167, -120, -41, -28, -104, -171, -141, -65, -9, -17, -51, -17, 74, 112, 49, -50, -67, 8, 80, 69, -9, -65, -33, 12, 6, -40, -65, -50, -25, -29, -81, -116, -65, 9, 0, -82, -131, -90, -24, -13, -87, -187, -197, -110, -65, -129, -210, -212, -181, -172, -209, -257, -222, -131, -73, -108, -198, -206, -116, -29, -28, -117, -195, -184, -138, -135, -184, -215, -166, -105, -98, -158, -232, -218, -121, -54, -78, -135, -125, -65, -37, -73, -134, -133, -75, -50, -92, -179, -195, -115, -22, 4, -33, -36, 32, 117, 131, 71, 29, 55, 112, 135, 98, 57, 92, 128, 73, -27, -87, -54, 4]",0,0.6502241492271423,0.34977591037750244
"[21, -39, -137, -139, -84, -81, -141, -199, -179, -115, -53, -49, -83, -66, 8, 74, 70, -1, -36, 1, 49, 57, 8, -18, 21, 67, 55, -8, -43, -6, 57, 96, 59, 16, 52, 137, 172, 124, 65, 84, 153, 177, 125, 71, 75, 119, 129, 70, -10, -22, 25, 57, 37, -24, -51, 6, 72, 60, -22, -81, -62, -28, -54, -123, -155, -99, -9, 34, 3, -37, -38, -26, -5, 9, 10, 12, 48, 70, 35, -39, -38, 41, 77, 27, -40, -24, 54, 96, 50, -35, -66, -24, 32, 26, -24, -58, -29, -2, -29, -104, -138, -73, 10, 22, -34, -92, -92, -44, -51, -122, -179, -155, -102, -90, -126, -184, -173, -101, -60, -100, -156, -146, -81, -18, -14, -70, -87, -20, 49, 12, -98, -157, -120, -45, -33, -106, -163, -109, -10, 12, -59, -125, -77, 11, 50, -10, -113, -149, -118, -97, -152, -227, -200, -89, -3, -19, -92, -107, -38, 32, 25, -43, -102, -88, -37, -26, -89, -124, -46, 54, 60, -21, -85, -58, 4, 36, 4, -43, -35, 28, 49, -2, -43, 0, 84, 114, 77, 28, 43, 105, 117, 34, -75, -99, -42, -1, -19, -89, -132, -89, -13, -2, -76, -123, -85, -43, -35, -69, -88, -29, 72, 113, 52, -26, -25, 40, 76, 25, -42, -29, 54, 118, 85, 10, 17, 83, 130, 116, 66, 56, 98, 130, 105, 35, 8, 56, 108, 99, 35, 4, 58, 131, 129, 53, -23, -11, 52, 84, 38, -17, -7, 38, 65, 37, 2, 52, 152, 216, 198, 134, 124, 183, 225, 183, 90, 56, 83, 120, 132, 83, 34, 59, 116, 113, 43, 8, 52, 105, 107, 36, -30, -28, 18, 49, 17, -39, -56, -28, -9, -40, -78, -34, 60, 90, 25, -62, -86, -10, 73, 83, 37, 29, 88, 130, 99, 36, 3, 41, 114, 116, 33, -40, -12, 65, 81, 16, -29, 23, 119, 152, 101, 17, -2, 67, 86, 34, -1, 35, 90, 104, 64, 8, 22, 102, 153, 105, 5, -35, 5, 36, 9, -46, -69, 2, 76, 68, -3, -41, -6, 41, 55, 18, -18, 25, 103, 118, 54, -1, 42, 128, 140, 90, 21, 8, 49, 50, -10, -45, 2, 88, 146, 133, 85, 75, 135, 202, 195, 108, 56, 85, 136, 137, 86, 59, 131, 228, 240, 163, 107, 151, 216, 248, 236, 196, 204, 272, 283, 200, 122, 147, 214, 250, 204, 122, 122, 192, 245, 221, 146, 125, 179, 232, 233, 177, 132, 168, 221, 203, 117, 68, 121, 189, 194, 145, 100, 119, 177, 178, 102, 35, 48, 92, 102, 43, -38, -43, 23, 67, 25, -52, -73, -27, 10, -12, -92, -137, -91, -37, -49, -122, -166, -114, -29, -2, -46, -91, -82, -50, -62, -133, -190, -167, -100, -77, -134, -185, -137, -38, -9, -87, -174, -177, -117, -65, -65, -113, -122, -67, -28, -77, -162, -171, -117, -72, -71, -100, -103, -45, 13, 25, -10, -25, 21, 67, 70, 24, -17, 18, 83, 97, 34, -36, -20, 59, 124, 91, 25, 45, 133, 176, 121, 25]",0,0.6108298301696777,0.38917019963264465
"[8, 69, 119, 98, 32, 6, 60, 100, 32, -104, -167, -99, 8, 60, 33, -2, 51, 154, 208, 183, 148, 171, 219, 232, 177, 105, 103, 166, 196, 138, 52, 37, 91, 140, 104, 19, -10, 49, 107, 73, -12, -24, 43, 112, 128, 75, 35, 72, 139, 135, 58, 20, 55, 107, 114, 48, -23, -8, 45, 59, 2, -70, -67, -18, 7, -41, -119, -109, -18, 34, -14, -101, -104, -35, 12, -9, -57, -52, 21, 85, 65, -21, -60, -20, 5, -23, -86, -109, -54, -6, -43, -142, -204, -149, -28, 44, 27, -8, 27, 122, 176, 145, 92, 103, 147, 154, 115, 59, 60, 136, 209, 200, 120, 75, 121, 171, 160, 92, 57, 89, 118, 75, -21, -88, -71, -27, -20, -61, -103, -81, -24, -9, -52, -102, -85, -17, 24, -9, -81, -78, -4, 35, -2, -70, -83, -24, 34, 22, -57, -101, -45, 19, 7, -54, -77, -23, 51, 73, 28, -5, 40, 108, 119, 57, 2, 25, 85, 113, 86, 37, 51, 116, 144, 83, 1, -6, 37, 59, 28, -26, -37, 23, 72, 49, -21, -25, 39, 80, 44, -41, -82, -21, 57, 50, -20, -42, 16, 87, 125, 96, 18, -1, 74, 131, 97, 34, 37, 92, 154, 170, 141, 140, 188, 234, 212, 124, 89, 139, 201, 201, 148, 129, 184, 241, 201, 107, 58, 103, 173, 187, 118, 58, 85, 140, 141, 70, 10, 28, 75, 80, 11, -72, -75, -6, 25, -24, -98, -93, -23, 41, 49, 12, 40, 138, 210, 180, 105, 87, 125, 150, 129, 57, 19, 67, 135, 140, 71, 23, 64, 144, 186, 156, 109, 119, 169, 173, 92, 4, -6, 38, 59, 7, -78, -85, 16, 132, 148, 74, 48, 91, 157, 184, 155, 149, 208, 261, 240, 160, 132, 187, 249, 256, 187, 119, 141, 208, 215, 154, 108, 151, 227, 251, 200, 128, 135, 218, 251, 180, 101, 131, 233, 314, 311, 240, 202, 248, 296, 269, 195, 161, 198, 242, 242, 213, 217, 276, 328, 310, 230, 172, 193, 229, 219, 151, 90, 120, 178, 165, 92, 33, 44, 93, 107, 51, -33, -40, 24, 72, 36, -50, -85, -61, -53, -99, -187, -225, -167, -118, -162, -253, -264, -166, -77, -69, -134, -201, -182, -122, -119, -183, -248, -231, -171, -140, -171, -206, -152, -51, -20, -65, -106, -84, -33, 8, 1, -83, -146, -100, -23, -20, -77, -90, -23, 52, 74, 43, 34, 93, 163, 153, 66, 3, 49, 128, 151, 96, 36, 64, 132, 138, 66, -6, -1, 57, 109, 88, 11, -3, 56, 107, 83, -6, -37, 19, 66, 49, -18, -58, -33, 2, -4, -45, -69, -18, 48, 64, 11, -40, -14, 34, 22, -53, -109, -101, -62, -58, -110, -174, -166, -83, -34, -77, -161, -193, -156, -115, -141, -214, -230, -171, -123, -138, -185, -181, -107, -25, -7, -49, -62, -5, 51, 41, -25, -68, -21, 32, 38, 5, -28, -19, 18, 23, -22, -84, -84, -42, -21, -44, -100, -94, -20, 42, 9, -77, -92, -43, -24, -66, -146, -183, -132, -67]",0,0.5858981609344482,0.41410183906555176
"[-82, -187, -243, -164, -36, 21, -17, -58, -5, 87, 86, 8, -42, -18, 34, 52, 16, -36, -26, 28, 69, 35, -28, -25, 10, 11, -40, -105, -86, -11, 29, -7, -109, -138, -68, 4, 11, -43, -86, -53, 18, 26, -45, -108, -87, -24, 8, -11, -52, -24, 39, 59, 12, -50, -44, 33, 97, 56, -21, -19, 65, 119, 68, -39, -73, -13, 50, 64, 28, 24, 92, 170, 169, 100, 59, 98, 164, 176, 105, 57, 97, 157, 152, 73, 13, 33, 91, 128, 76, -22, -38, 26, 65, 22, -57, -85, -33, 26, 4, -84, -107, -21, 68, 59, -23, -45, 32, 122, 136, 91, 69, 113, 180, 181, 107, 58, 93, 155, 166, 85, -4, 17, 99, 134, 90, 29, 34, 82, 125, 120, 64, 55, 108, 99, 10, -103, -152, -118, -86, -103, -170, -233, -230, -179, -178, -241, -266, -214, -140, -103, -149, -216, -201, -137, -110, -141, -169, -121, -44, -17, -41, -57, -9, 81, 128, 74, -22, -54, -4, 51, 50, -9, -38, 17, 56, 8, -76, -104, -49, 7, 4, -57, -99, -56, 7, -9, -118, -194, -182, -116, -70, -113, -194, -196, -125, -75, -90, -158, -148, -53, 26, 23, -29, -35, 37, 103, 90, 13, -12, 28, 74, 58, -10, -52, -19, 39, 32, -46, -75, -10, 65, 81, 20, -24, 18, 91, 88, 10, -55, -40, 40, 100, 88, 38, 29, 88, 133, 92, 12, -4, 41, 86, 69, 2, -4, 84, 167, 151, 70, 43, 116, 208, 228, 160, 113, 172, 273, 266, 165, 85, 102, 155, 166, 121, 74, 106, 187, 216, 166, 107, 134, 215, 262, 241, 186, 209, 296, 341, 299, 224, 203, 259, 298, 262, 185, 165, 213, 258, 265, 235, 224, 265, 316, 316, 245, 189, 228, 294, 301, 240, 185, 213, 272, 296, 257, 182, 172, 215, 232, 187, 128, 118, 171, 231, 232, 179, 170, 231, 277, 227, 125, 85, 129, 184, 179, 116, 74, 100, 163, 172, 105, 51, 69, 115, 149, 129, 69, 74, 144, 172, 132, 68, 75, 124, 147, 119, 68, 65, 122, 160, 122, 56, 55, 99, 122, 98, 19, -19, 35, 103, 86, 16, -18, 20, 83, 109, 61, -10, -12, 28, 38, -23, -109, -109, -50, -2, -13, -51, -13, 72, 116, 68, -20, -40, -5, 12, -17, -75, -78, -13, 38, 12, -71, -121, -73, -2, 0, -68, -123, -117, -103, -134, -184, -205, -158, -77, -34, -84, -165, -179, -124, -81, -114, -188, -212, -154, -98, -97, -137, -132, -52, 12, 1, -78, -107, -54, 10, 21, -21, -29, 23, 80, 80, 22, -18, -2, 18, 19, -6, -43, -28, 32, 55, 10, -33, 0, 67, 90, 44, -17, -19, 42, 74, 10, -74, -91, -27, 33, 36, -4, -17, 43, 104, 97, 32, -11, -4, 41, 56, 16, -9, 7, 50, 48, -1, -28, -6, 39, 53, -24, -145, -168, -107, -99, -177, -253, -263, -211, -135, -93, -87, -57, 16, 73, 50, -21, -44, -8, 28, 8, -84, -133, -104, -73, -68, -114, -157, -130, -101, -157, -283, -377]",0,0.5817424654960632,0.4182575047016144
"[-9, 57, 113, 83, -6, -58, -20, 49, 84, 67, 41, 82, 150, 153, 76, 11, 25, 72, 77, -5, -109, -124, -57, -20, -75, -169, -213, -188, -155, -163, -197, -186, -90, 9, 10, -78, -131, -71, 37, 100, 41, -56, -38, 85, 172, 176, 146, 165, 218, 277, 276, 240, 264, 336, 356, 304, 246, 272, 346, 386, 345, 265, 247, 292, 322, 245, 90, 27, 91, 168, 192, 161, 131, 163, 214, 198, 114, 68, 115, 173, 176, 108, 54, 72, 140, 177, 138, 91, 119, 169, 179, 128, 48, 17, 58, 96, 65, -8, -27, 8, 18, -18, -85, -115, -55, 7, -5, -74, -91, -9, 73, 97, 40, -38, -40, 8, 21, -24, -82, -67, -6, 12, -8, -37, -2, 93, 165, 139, 88, 105, 194, 295, 330, 293, 283, 346, 411, 400, 324, 276, 285, 321, 327, 259, 180, 183, 251, 290, 249, 208, 235, 321, 387, 375, 330, 348, 417, 432, 369, 276, 235, 256, 285, 274, 212, 182, 226, 258, 205, 108, 64, 85, 112, 72, -20, -71, -51, -36, -73, -135, -145, -82, -18, -26, -86, -126, -103, -43, -25, -75, -140, -137, -82, -51, -105, -199, -204, -107, -38, -54, -107, -109, -56, -4, -17, -88, -120, -69, -12, -37, -137, -181, -110, -23, -1, -42, -68, -4, 84, 92, 26, -9, 23, 73, 72, 16, -36, -19, 33, 40, -22, -108, -113, -45, 5, -10, -65, -68, -4, 48, 22, -44, -68, -25, 25, 25, -41, -73, -26, 24, 1, -83, -126, -100, -37, 5, -24, -70, -42, -3, -26, -116, -170, -124, -42, -5, -40, -85, -54, 42, 96, 52, -29, -56, -27, -19, -59, -134, -167, -118, -54, -56, -121, -102, 81, 246, 260, 168, 123, 193, 279, 268, 166, 67, 53, 74, 70, 32, 6, 35, 101, 136, 90, 7, -9, 25, 58, 34, -41, -93, -90, -77, -115, -181, -200, -164, -129, -131, -203, -253, -185, -84, -58, -132, -190, -163, -110, -106, -178, -244, -209, -109, -58, -116, -205, -194, -116, -62, -76, -93, -27, 87, 163, 149, 90, 100, 187, 267, 277, 218, 198, 243, 278, 260, 211, 210, 264, 311, 320, 267, 226, 264, 322, 296, 209, 169, 217, 279, 294, 236, 162, 157, 200, 184, 81, -40, -78, -35, 6, -20, -85, -89, -35, 6, -20, -88, -119, -90, -51, -69, -136, -172, -115, -44, -55, -129, -164, -121, -59, -68, -133, -167, -120, -41, -28, -104, -171, -141, -65, -9, -17, -51, -17, 74, 112, 49, -50, -67, 8, 80, 69, -9, -65, -33, 12, 6, -40, -65, -50, -25, -29, -81, -116, -65, 9, 0, -82, -131, -90, -24, -13, -87, -187, -197, -110, -65, -129, -210, -212, -181, -172, -209, -257, -222, -131, -73, -108, -198, -206, -116, -29, -28, -117, -195, -184, -138, -135, -184, -215, -166, -105, -98, -158, -232, -218, -121, -54, -78, -135, -125, -65, -37, -73, -134, -133, -75, -50, -92, -179, -195, -115, -22, 4, -33, -36, 32, 117, 131, 71, 29, 55, 112, 135, 98, 57, 92, 128, 73, -27, -87, -54, 4]",0,0.5145325660705566,0.4854673743247986
"[21, -39, -137, -139, -84, -81, -141, -199, -179, -115, -53, -49, -83, -66, 8, 74, 70, -1, -36, 1, 49, 57, 8, -18, 21, 67, 55, -8, -43, -6, 57, 96, 59, 16, 52, 137, 172, 124, 65, 84, 153, 177, 125, 71, 75, 119, 129, 70, -10, -22, 25, 57, 37, -24, -51, 6, 72, 60, -22, -81, -62, -28, -54, -123, -155, -99, -9, 34, 3, -37, -38, -26, -5, 9, 10, 12, 48, 70, 35, -39, -38, 41, 77, 27, -40, -24, 54, 96, 50, -35, -66, -24, 32, 26, -24, -58, -29, -2, -29, -104, -138, -73, 10, 22, -34, -92, -92, -44, -51, -122, -179, -155, -102, -90, -126, -184, -173, -101, -60, -100, -156, -146, -81, -18, -14, -70, -87, -20, 49, 12, -98, -157, -120, -45, -33, -106, -163, -109, -10, 12, -59, -125, -77, 11, 50, -10, -113, -149, -118, -97, -152, -227, -200, -89, -3, -19, -92, -107, -38, 32, 25, -43, -102, -88, -37, -26, -89, -124, -46, 54, 60, -21, -85, -58, 4, 36, 4, -43, -35, 28, 49, -2, -43, 0, 84, 114, 77, 28, 43, 105, 117, 34, -75, -99, -42, -1, -19, -89, -132, -89, -13, -2, -76, -123, -85, -43, -35, -69, -88, -29, 72, 113, 52, -26, -25, 40, 76, 25, -42, -29, 54, 118, 85, 10, 17, 83, 130, 116, 66, 56, 98, 130, 105, 35, 8, 56, 108, 99, 35, 4, 58, 131, 129, 53, -23, -11, 52, 84, 38, -17, -7, 38, 65, 37, 2, 52, 152, 216, 198, 134, 124, 183, 225, 183, 90, 56, 83, 120, 132, 83, 34, 59, 116, 113, 43, 8, 52, 105, 107, 36, -30, -28, 18, 49, 17, -39, -56, -28, -9, -40, -78, -34, 60, 90, 25, -62, -86, -10, 73, 83, 37, 29, 88, 130, 99, 36, 3, 41, 114, 116, 33, -40, -12, 65, 81, 16, -29, 23, 119, 152, 101, 17, -2, 67, 86, 34, -1, 35, 90, 104, 64, 8, 22, 102, 153, 105, 5, -35, 5, 36, 9, -46, -69, 2, 76, 68, -3, -41, -6, 41, 55, 18, -18, 25, 103, 118, 54, -1, 42, 128, 140, 90, 21, 8, 49, 50, -10, -45, 2, 88, 146, 133, 85, 75, 135, 202, 195, 108, 56, 85, 136, 137, 86, 59, 131, 228, 240, 163, 107, 151, 216, 248, 236, 196, 204, 272, 283, 200, 122, 147, 214, 250, 204, 122, 122, 192, 245, 221, 146, 125, 179, 232, 233, 177, 132, 168, 221, 203, 117, 68, 121, 189, 194, 145, 100, 119, 177, 178, 102, 35, 48, 92, 102, 43, -38, -43, 23, 67, 25, -52, -73, -27, 10, -12, -92, -137, -91, -37, -49, -122, -166, -114, -29, -2, -46, -91, -82, -50, -62, -133, -190, -167, -100, -77, -134, -185, -137, -38, -9, -87, -174, -177, -117, -65, -65, -113, -122, -67, -28, -77, -162, -171, -117, -72, -71, -100, -103, -45, 13, 25, -10, -25, 21, 67, 70, 24, -17, 18, 83, 97, 34, -36, -20, 59, 124, 91, 25, 45, 133, 176, 121, 25]",0,0.4907476305961609,0.5092523694038391
"[8, 69, 119, 98, 32, 6, 60, 100, 32, -104, -167, -99, 8, 60, 33, -2, 51, 154, 208, 183, 148, 171, 219, 232, 177, 105, 103, 166, 196, 138, 52, 37, 91, 140, 104, 19, -10, 49, 107, 73, -12, -24, 43, 112, 128, 75, 35, 72, 139, 135, 58, 20, 55, 107, 114, 48, -23, -8, 45, 59, 2, -70, -67, -18, 7, -41, -119, -109, -18, 34, -14, -101, -104, -35, 12, -9, -57, -52, 21, 85, 65, -21, -60, -20, 5, -23, -86, -109, -54, -6, -43, -142, -204, -149, -28, 44, 27, -8, 27, 122, 176, 145, 92, 103, 147, 154, 115, 59, 60, 136, 209, 200, 120, 75, 121, 171, 160, 92, 57, 89, 118, 75, -21, -88, -71, -27, -20, -61, -103, -81, -24, -9, -52, -102, -85, -17, 24, -9, -81, -78, -4, 35, -2, -70, -83, -24, 34, 22, -57, -101, -45, 19, 7, -54, -77, -23, 51, 73, 28, -5, 40, 108, 119, 57, 2, 25, 85, 113, 86, 37, 51, 116, 144, 83, 1, -6, 37, 59, 28, -26, -37, 23, 72, 49, -21, -25, 39, 80, 44, -41, -82, -21, 57, 50, -20, -42, 16, 87, 125, 96, 18, -1, 74, 131, 97, 34, 37, 92, 154, 170, 141, 140, 188, 234, 212, 124, 89, 139, 201, 201, 148, 129, 184, 241, 201, 107, 58, 103, 173, 187, 118, 58, 85, 140, 141, 70, 10, 28, 75, 80, 11, -72, -75, -6, 25, -24, -98, -93, -23, 41, 49, 12, 40, 138, 210, 180, 105, 87, 125, 150, 129, 57, 19, 67, 135, 140, 71, 23, 64, 144, 186, 156, 109, 119, 169, 173, 92, 4, -6, 38, 59, 7, -78, -85, 16, 132, 148, 74, 48, 91, 157, 184, 155, 149, 208, 261, 240, 160, 132, 187, 249, 256, 187, 119, 141, 208, 215, 154, 108, 151, 227, 251, 200, 128, 135, 218, 251, 180, 101, 131, 233, 314, 311, 240, 202, 248, 296, 269, 195, 161, 198, 242, 242, 213, 217, 276, 328, 310, 230, 172, 193, 229, 219, 151, 90, 120, 178, 165, 92, 33, 44, 93, 107, 51, -33, -40, 24, 72, 36, -50, -85, -61, -53, -99, -187, -225, -167, -118, -162, -253, -264, -166, -77, -69, -134, -201, -182, -122, -119, -183, -248, -231, -171, -140, -171, -206, -152, -51, -20, -65, -106, -84, -33, 8, 1, -83, -146, -100, -23, -20, -77, -90, -23, 52, 74, 43, 34, 93, 163, 153, 66, 3, 49, 128, 151, 96, 36, 64, 132, 138, 66, -6, -1, 57, 109, 88, 11, -3, 56, 107, 83, -6, -37, 19, 66, 49, -18, -58, -33, 2, -4, -45, -69, -18, 48, 64, 11, -40, -14, 34, 22, -53, -109, -101, -62, -58, -110, -174, -166, -83, -34, -77, -161, -193, -156, -115, -141, -214, -230, -171, -123, -138, -185, -181, -107, -25, -7, -49, -62, -5, 51, 41, -25, -68, -21, 32, 38, 5, -28, -19, 18, 23, -22, -84, -84, -42, -21, -44, -100, -94, -20, 42, 9, -77, -92, -43, -24, -66, -146, -183, -132, -67]",0,0.4799140691757202,0.5200859308242798
"[-82, -187, -243, -164, -36, 21, -17, -58, -5, 87, 86, 8, -42, -18, 34, 52, 16, -36, -26, 28, 69, 35, -28, -25, 10, 11, -40, -105, -86, -11, 29, -7, -109, -138, -68, 4, 11, -43, -86, -53, 18, 26, -45, -108, -87, -24, 8, -11, -52, -24, 39, 59, 12, -50, -44, 33, 97, 56, -21, -19, 65, 119, 68, -39, -73, -13, 50, 64, 28, 24, 92, 170, 169, 100, 59, 98, 164, 176, 105, 57, 97, 157, 152, 73, 13, 33, 91, 128, 76, -22, -38, 26, 65, 22, -57, -85, -33, 26, 4, -84, -107, -21, 68, 59, -23, -45, 32, 122, 136, 91, 69, 113, 180, 181, 107, 58, 93, 155, 166, 85, -4, 17, 99, 134, 90, 29, 34, 82, 125, 120, 64, 55, 108, 99, 10, -103, -152, -118, -86, -103, -170, -233, -230, -179, -178, -241, -266, -214, -140, -103, -149, -216, -201, -137, -110, -141, -169, -121, -44, -17, -41, -57, -9, 81, 128, 74, -22, -54, -4, 51, 50, -9, -38, 17, 56, 8, -76, -104, -49, 7, 4, -57, -99, -56, 7, -9, -118, -194, -182, -116, -70, -113, -194, -196, -125, -75, -90, -158, -148, -53, 26, 23, -29, -35, 37, 103, 90, 13, -12, 28, 74, 58, -10, -52, -19, 39, 32, -46, -75, -10, 65, 81, 20, -24, 18, 91, 88, 10, -55, -40, 40, 100, 88, 38, 29, 88, 133, 92, 12, -4, 41, 86, 69, 2, -4, 84, 167, 151, 70, 43, 116, 208, 228, 160, 113, 172, 273, 266, 165, 85, 102, 155, 166, 121, 74, 106, 187, 216, 166, 107, 134, 215, 262, 241, 186, 209, 296, 341, 299, 224, 203, 259, 298, 262, 185, 165, 213, 258, 265, 235, 224, 265, 316, 316, 245, 189, 228, 294, 301, 240, 185, 213, 272, 296, 257, 182, 172, 215, 232, 187, 128, 118, 171, 231, 232, 179, 170, 231, 277, 227, 125, 85, 129, 184, 179, 116, 74, 100, 163, 172, 105, 51, 69, 115, 149, 129, 69, 74, 144, 172, 132, 68, 75, 124, 147, 119, 68, 65, 122, 160, 122, 56, 55, 99, 122, 98, 19, -19, 35, 103, 86, 16, -18, 20, 83, 109, 61, -10, -12, 28, 38, -23, -109, -109, -50, -2, -13, -51, -13, 72, 116, 68, -20, -40, -5, 12, -17, -75, -78, -13, 38, 12, -71, -121, -73, -2, 0, -68, -123, -117, -103, -134, -184, -205, -158, -77, -34, -84, -165, -179, -124, -81, -114, -188, -212, -154, -98, -97, -137, -132, -52, 12, 1, -78, -107, -54, 10, 21, -21, -29, 23, 80, 80, 22, -18, -2, 18, 19, -6, -43, -28, 32, 55, 10, -33, 0, 67, 90, 44, -17, -19, 42, 74, 10, -74, -91, -27, 33, 36, -4, -17, 43, 104, 97, 32, -11, -4, 41, 56, 16, -9, 7, 50, 48, -1, -28, -6, 39, 53, -24, -145, -168, -107, -99, -177, -253, -263, -211, -135, -93, -87, -57, 16, 73, 50, -21, -44, -8, 28, 8, -84, -133, -104, -73, -68, -114, -157, -130, -101, -157, -283, -377]",0,0.47969380021095276,0.5203061699867249
"[-9, 57, 113, 83, -6, -58, -20, 49, 84, 67, 41, 82, 150, 153, 76, 11, 25, 72, 77, -5, -109, -124, -57, -20, -75, -169, -213, -188, -155, -163, -197, -186, -90, 9, 10, -78, -131, -71, 37, 100, 41, -56, -38, 85, 172, 176, 146, 165, 218, 277, 276, 240, 264, 336, 356, 304, 246, 272, 346, 386, 345, 265, 247, 292, 322, 245, 90, 27, 91, 168, 192, 161, 131, 163, 214, 198, 114, 68, 115, 173, 176, 108, 54, 72, 140, 177, 138, 91, 119, 169, 179, 128, 48, 17, 58, 96, 65, -8, -27, 8, 18, -18, -85, -115, -55, 7, -5, -74, -91, -9, 73, 97, 40, -38, -40, 8, 21, -24, -82, -67, -6, 12, -8, -37, -2, 93, 165, 139, 88, 105, 194, 295, 330, 293, 283, 346, 411, 400, 324, 276, 285, 321, 327, 259, 180, 183, 251, 290, 249, 208, 235, 321, 387, 375, 330, 348, 417, 432, 369, 276, 235, 256, 285, 274, 212, 182, 226, 258, 205, 108, 64, 85, 112, 72, -20, -71, -51, -36, -73, -135, -145, -82, -18, -26, -86, -126, -103, -43, -25, -75, -140, -137, -82, -51, -105, -199, -204, -107, -38, -54, -107, -109, -56, -4, -17, -88, -120, -69, -12, -37, -137, -181, -110, -23, -1, -42, -68, -4, 84, 92, 26, -9, 23, 73, 72, 16, -36, -19, 33, 40, -22, -108, -113, -45, 5, -10, -65, -68, -4, 48, 22, -44, -68, -25, 25, 25, -41, -73, -26, 24, 1, -83, -126, -100, -37, 5, -24, -70, -42, -3, -26, -116, -170, -124, -42, -5, -40, -85, -54, 42, 96, 52, -29, -56, -27, -19, -59, -134, -167, -118, -54, -56, -121, -102, 81, 246, 260, 168, 123, 193, 279, 268, 166, 67, 53, 74, 70, 32, 6, 35, 101, 136, 90, 7, -9, 25, 58, 34, -41, -93, -90, -77, -115, -181, -200, -164, -129, -131, -203, -253, -185, -84, -58, -132, -190, -163, -110, -106, -178, -244, -209, -109, -58, -116, -205, -194, -116, -62, -76, -93, -27, 87, 163, 149, 90, 100, 187, 267, 277, 218, 198, 243, 278, 260, 211, 210, 264, 311, 320, 267, 226, 264, 322, 296, 209, 169, 217, 279, 294, 236, 162, 157, 200, 184, 81, -40, -78, -35, 6, -20, -85, -89, -35, 6, -20, -88, -119, -90, -51, -69, -136, -172, -115, -44, -55, -129, -164, -121, -59, -68, -133, -167, -120, -41, -28, -104, -171, -141, -65, -9, -17, -51, -17, 74, 112, 49, -50, -67, 8, 80, 69, -9, -65, -33, 12, 6, -40, -65, -50, -25, -29, -81, -116, -65, 9, 0, -82, -131, -90, -24, -13, -87, -187, -197, -110, -65, -129, -210, -212, -181, -172, -209, -257, -222, -131, -73, -108, -198, -206, -116, -29, -28, -117, -195, -184, -138, -135, -184, -215, -166, -105, -98, -158, -232, -218, -121, -54, -78, -135, -125, -65, -37, -73, -134, -133, -75, -50, -92, -179, -195, -115, -22, 4, -33, -36, 32, 117, 131, 71, 29, 55, 112, 135, 98, 57, 92, 128, 73, -27, -87, -54, 4]",0,0.25213247537612915,0.7478674650192261
"[21, -39, -137, -139, -84, -81, -141, -199, -179, -115, -53, -49, -83, -66, 8, 74, 70, -1, -36, 1, 49, 57, 8, -18, 21, 67, 55, -8, -43, -6, 57, 96, 59, 16, 52, 137, 172, 124, 65, 84, 153, 177, 125, 71, 75, 119, 129, 70, -10, -22, 25, 57, 37, -24, -51, 6, 72, 60, -22, -81, -62, -28, -54, -123, -155, -99, -9, 34, 3, -37, -38, -26, -5, 9, 10, 12, 48, 70, 35, -39, -38, 41, 77, 27, -40, -24, 54, 96, 50, -35, -66, -24, 32, 26, -24, -58, -29, -2, -29, -104, -138, -73, 10, 22, -34, -92, -92, -44, -51, -122, -179, -155, -102, -90, -126, -184, -173, -101, -60, -100, -156, -146, -81, -18, -14, -70, -87, -20, 49, 12, -98, -157, -120, -45, -33, -106, -163, -109, -10, 12, -59, -125, -77, 11, 50, -10, -113, -149, -118, -97, -152, -227, -200, -89, -3, -19, -92, -107, -38, 32, 25, -43, -102, -88, -37, -26, -89, -124, -46, 54, 60, -21, -85, -58, 4, 36, 4, -43, -35, 28, 49, -2, -43, 0, 84, 114, 77, 28, 43, 105, 117, 34, -75, -99, -42, -1, -19, -89, -132, -89, -13, -2, -76, -123, -85, -43, -35, -69, -88, -29, 72, 113, 52, -26, -25, 40, 76, 25, -42, -29, 54, 118, 85, 10, 17, 83, 130, 116, 66, 56, 98, 130, 105, 35, 8, 56, 108, 99, 35, 4, 58, 131, 129, 53, -23, -11, 52, 84, 38, -17, -7, 38, 65, 37, 2, 52, 152, 216, 198, 134, 124, 183, 225, 183, 90, 56, 83, 120, 132, 83, 34, 59, 116, 113, 43, 8, 52, 105, 107, 36, -30, -28, 18, 49, 17, -39, -56, -28, -9, -40, -78, -34, 60, 90, 25, -62, -86, -10, 73, 83, 37, 29, 88, 130, 99, 36, 3, 41, 114, 116, 33, -40, -12, 65, 81, 16, -29, 23, 119, 152, 101, 17, -2, 67, 86, 34, -1, 35, 90, 104, 64, 8, 22, 102, 153, 105, 5, -35, 5, 36, 9, -46, -69, 2, 76, 68, -3, -41, -6, 41, 55, 18, -18, 25, 103, 118, 54, -1, 42, 128, 140, 90, 21, 8, 49, 50, -10, -45, 2, 88, 146, 133, 85, 75, 135, 202, 195, 108, 56, 85, 136, 137, 86, 59, 131, 228, 240, 163, 107, 151, 216, 248, 236, 196, 204, 272, 283, 200, 122, 147, 214, 250, 204, 122, 122, 192, 245, 221, 146, 125, 179, 232, 233, 177, 132, 168, 221, 203, 117, 68, 121, 189, 194, 145, 100, 119, 177, 178, 102, 35, 48, 92, 102, 43, -38, -43, 23, 67, 25, -52, -73, -27, 10, -12, -92, -137, -91, -37, -49, -122, -166, -114, -29, -2, -46, -91, -82, -50, -62, -133, -190, -167, -100, -77, -134, -185, -137, -38, -9, -87, -174, -177, -117, -65, -65, -113, -122, -67, -28, -77, -162, -171, -117, -72, -71, -100, -103, -45, 13, 25, -10, -25, 21, 67, 70, 24, -17, 18, 83, 97, 34, -36, -20, 59, 124, 91, 25, 45, 133, 176, 121, 25]",0,0.255399614572525,0.7446003556251526
"[8, 69, 119, 98, 32, 6, 60, 100, 32, -104, -167, -99, 8, 60, 33, -2, 51, 154, 208, 183, 148, 171, 219, 232, 177, 105, 103, 166, 196, 138, 52, 37, 91, 140, 104, 19, -10, 49, 107, 73, -12, -24, 43, 112, 128, 75, 35, 72, 139, 135, 58, 20, 55, 107, 114, 48, -23, -8, 45, 59, 2, -70, -67, -18, 7, -41, -119, -109, -18, 34, -14, -101, -104, -35, 12, -9, -57, -52, 21, 85, 65, -21, -60, -20, 5, -23, -86, -109, -54, -6, -43, -142, -204, -149, -28, 44, 27, -8, 27, 122, 176, 145, 92, 103, 147, 154, 115, 59, 60, 136, 209, 200, 120, 75, 121, 171, 160, 92, 57, 89, 118, 75, -21, -88, -71, -27, -20, -61, -103, -81, -24, -9, -52, -102, -85, -17, 24, -9, -81, -78, -4, 35, -2, -70, -83, -24, 34, 22, -57, -101, -45, 19, 7, -54, -77, -23, 51, 73, 28, -5, 40, 108, 119, 57, 2, 25, 85, 113, 86, 37, 51, 116, 144, 83, 1, -6, 37, 59, 28, -26, -37, 23, 72, 49, -21, -25, 39, 80, 44, -41, -82, -21, 57, 50, -20, -42, 16, 87, 125, 96, 18, -1, 74, 131, 97, 34, 37, 92, 154, 170, 141, 140, 188, 234, 212, 124, 89, 139, 201, 201, 148, 129, 184, 241, 201, 107, 58, 103, 173, 187, 118, 58, 85, 140, 141, 70, 10, 28, 75, 80, 11, -72, -75, -6, 25, -24, -98, -93, -23, 41, 49, 12, 40, 138, 210, 180, 105, 87, 125, 150, 129, 57, 19, 67, 135, 140, 71, 23, 64, 144, 186, 156, 109, 119, 169, 173, 92, 4, -6, 38, 59, 7, -78, -85, 16, 132, 148, 74, 48, 91, 157, 184, 155, 149, 208, 261, 240, 160, 132, 187, 249, 256, 187, 119, 141, 208, 215, 154, 108, 151, 227, 251, 200, 128, 135, 218, 251, 180, 101, 131, 233, 314, 311, 240, 202, 248, 296, 269, 195, 161, 198, 242, 242, 213, 217, 276, 328, 310, 230, 172, 193, 229, 219, 151, 90, 120, 178, 165, 92, 33, 44, 93, 107, 51, -33, -40, 24, 72, 36, -50, -85, -61, -53, -99, -187, -225, -167, -118, -162, -253, -264, -166, -77, -69, -134, -201, -182, -122, -119, -183, -248, -231, -171, -140, -171, -206, -152, -51, -20, -65, -106, -84, -33, 8, 1, -83, -146, -100, -23, -20, -77, -90, -23, 52, 74, 43, 34, 93, 163, 153, 66, 3, 49, 128, 151, 96, 36, 64, 132, 138, 66, -6, -1, 57, 109, 88, 11, -3, 56, 107, 83, -6, -37, 19, 66, 49, -18, -58, -33, 2, -4, -45, -69, -18, 48, 64, 11, -40, -14, 34, 22, -53, -109, -101, -62, -58, -110, -174, -166, -83, -34, -77, -161, -193, -156, -115, -141, -214, -230, -171, -123, -138, -185, -181, -107, -25, -7, -49, -62, -5, 51, 41, -25, -68, -21, 32, 38, 5, -28, -19, 18, 23, -22, -84, -84, -42, -21, -44, -100, -94, -20, 42, 9, -77, -92, -43, -24, -66, -146, -183, -132, -67]",0,0.2518768906593323,0.7481231093406677
"[-82, -187, -243, -164, -36, 21, -17, -58, -5, 87, 86, 8, -42, -18, 34, 52, 16, -36, -26, 28, 69, 35, -28, -25, 10, 11, -40, -105, -86, -11, 29, -7, -109, -138, -68, 4, 11, -43, -86, -53, 18, 26, -45, -108, -87, -24, 8, -11, -52, -24, 39, 59, 12, -50, -44, 33, 97, 56, -21, -19, 65, 119, 68, -39, -73, -13, 50, 64, 28, 24, 92, 170, 169, 100, 59, 98, 164, 176, 105, 57, 97, 157, 152, 73, 13, 33, 91, 128, 76, -22, -38, 26, 65, 22, -57, -85, -33, 26, 4, -84, -107, -21, 68, 59, -23, -45, 32, 122, 136, 91, 69, 113, 180, 181, 107, 58, 93, 155, 166, 85, -4, 17, 99, 134, 90, 29, 34, 82, 125, 120, 64, 55, 108, 99, 10, -103, -152, -118, -86, -103, -170, -233, -230, -179, -178, -241, -266, -214, -140, -103, -149, -216, -201, -137, -110, -141, -169, -121, -44, -17, -41, -57, -9, 81, 128, 74, -22, -54, -4, 51, 50, -9, -38, 17, 56, 8, -76, -104, -49, 7, 4, -57, -99, -56, 7, -9, -118, -194, -182, -116, -70, -113, -194, -196, -125, -75, -90, -158, -148, -53, 26, 23, -29, -35, 37, 103, 90, 13, -12, 28, 74, 58, -10, -52, -19, 39, 32, -46, -75, -10, 65, 81, 20, -24, 18, 91, 88, 10, -55, -40, 40, 100, 88, 38, 29, 88, 133, 92, 12, -4, 41, 86, 69, 2, -4, 84, 167, 151, 70, 43, 116, 208, 228, 160, 113, 172, 273, 266, 165, 85, 102, 155, 166, 121, 74, 106, 187, 216, 166, 107, 134, 215, 262, 241, 186, 209, 296, 341, 299, 224, 203, 259, 298, 262, 185, 165, 213, 258, 265, 235, 224, 265, 316, 316, 245, 189, 228, 294, 301, 240, 185, 213, 272, 296, 257, 182, 172, 215, 232, 187, 128, 118, 171, 231, 232, 179, 170, 231, 277, 227, 125, 85, 129, 184, 179, 116, 74, 100, 163, 172, 105, 51, 69, 115, 149, 129, 69, 74, 144, 172, 132, 68, 75, 124, 147, 119, 68, 65, 122, 160, 122, 56, 55, 99, 122, 98, 19, -19, 35, 103, 86, 16, -18, 20, 83, 109, 61, -10, -12, 28, 38, -23, -109, -109, -50, -2, -13, -51, -13, 72, 116, 68, -20, -40, -5, 12, -17, -75, -78, -13, 38, 12, -71, -121, -73, -2, 0, -68, -123, -117, -103, -134, -184, -205, -158, -77, -34, -84, -165, -179, -124, -81, -114, -188, -212, -154, -98, -97, -137, -132, -52, 12, 1, -78, -107, -54, 10, 21, -21, -29, 23, 80, 80, 22, -18, -2, 18, 19, -6, -43, -28, 32, 55, 10, -33, 0, 67, 90, 44, -17, -19, 42, 74, 10, -74, -91, -27, 33, 36, -4, -17, 43, 104, 97, 32, -11, -4, 41, 56, 16, -9, 7, 50, 48, -1, -28, -6, 39, 53, -24, -145, -168, -107, -99, -177, -253, -263, -211, -135, -93, -87, -57, 16, 73, 50, -21, -44, -8, 28, 8, -84, -133, -104, -73, -68, -114, -157, -130, -101, -157, -283, -377]",0,0.2599615156650543,0.7400385141372681
"[-9, 57, 113, 83, -6, -58, -20, 49, 84, 67, 41, 82, 150, 153, 76, 11, 25, 72, 77, -5, -109, -124, -57, -20, -75, -169, -213, -188, -155, -163, -197, -186, -90, 9, 10, -78, -131, -71, 37, 100, 41, -56, -38, 85, 172, 176, 146, 165, 218, 277, 276, 240, 264, 336, 356, 304, 246, 272, 346, 386, 345, 265, 247, 292, 322, 245, 90, 27, 91, 168, 192, 161, 131, 163, 214, 198, 114, 68, 115, 173, 176, 108, 54, 72, 140, 177, 138, 91, 119, 169, 179, 128, 48, 17, 58, 96, 65, -8, -27, 8, 18, -18, -85, -115, -55, 7, -5, -74, -91, -9, 73, 97, 40, -38, -40, 8, 21, -24, -82, -67, -6, 12, -8, -37, -2, 93, 165, 139, 88, 105, 194, 295, 330, 293, 283, 346, 411, 400, 324, 276, 285, 321, 327, 259, 180, 183, 251, 290, 249, 208, 235, 321, 387, 375, 330, 348, 417, 432, 369, 276, 235, 256, 285, 274, 212, 182, 226, 258, 205, 108, 64, 85, 112, 72, -20, -71, -51, -36, -73, -135, -145, -82, -18, -26, -86, -126, -103, -43, -25, -75, -140, -137, -82, -51, -105, -199, -204, -107, -38, -54, -107, -109, -56, -4, -17, -88, -120, -69, -12, -37, -137, -181, -110, -23, -1, -42, -68, -4, 84, 92, 26, -9, 23, 73, 72, 16, -36, -19, 33, 40, -22, -108, -113, -45, 5, -10, -65, -68, -4, 48, 22, -44, -68, -25, 25, 25, -41, -73, -26, 24, 1, -83, -126, -100, -37, 5, -24, -70, -42, -3, -26, -116, -170, -124, -42, -5, -40, -85, -54, 42, 96, 52, -29, -56, -27, -19, -59, -134, -167, -118, -54, -56, -121, -102, 81, 246, 260, 168, 123, 193, 279, 268, 166, 67, 53, 74, 70, 32, 6, 35, 101, 136, 90, 7, -9, 25, 58, 34, -41, -93, -90, -77, -115, -181, -200, -164, -129, -131, -203, -253, -185, -84, -58, -132, -190, -163, -110, -106, -178, -244, -209, -109, -58, -116, -205, -194, -116, -62, -76, -93, -27, 87, 163, 149, 90, 100, 187, 267, 277, 218, 198, 243, 278, 260, 211, 210, 264, 311, 320, 267, 226, 264, 322, 296, 209, 169, 217, 279, 294, 236, 162, 157, 200, 184, 81, -40, -78, -35, 6, -20, -85, -89, -35, 6, -20, -88, -119, -90, -51, -69, -136, -172, -115, -44, -55, -129, -164, -121, -59, -68, -133, -167, -120, -41, -28, -104, -171, -141, -65, -9, -17, -51, -17, 74, 112, 49, -50, -67, 8, 80, 69, -9, -65, -33, 12, 6, -40, -65, -50, -25, -29, -81, -116, -65, 9, 0, -82, -131, -90, -24, -13, -87, -187, -197, -110, -65, -129, -210, -212, -181, -172, -209, -257, -222, -131, -73, -108, -198, -206, -116, -29, -28, -117, -195, -184, -138, -135, -184, -215, -166, -105, -98, -158, -232, -218, -121, -54, -78, -135, -125, -65, -37, -73, -134, -133, -75, -50, -92, -179, -195, -115, -22, 4, -33, -36, 32, 117, 131, 71, 29, 55, 112, 135, 98, 57, 92, 128, 73, -27, -87, -54, 4]",0,0.6502241492271423,0.34977591037750244
"[21, -39, -137, -139, -84, -81, -141, -199, -179, -115, -53, -49, -83, -66, 8, 74, 70, -1, -36, 1, 49, 57, 8, -18, 21, 67, 55, -8, -43, -6, 57, 96, 59, 16, 52, 137, 172, 124, 65, 84, 153, 177, 125, 71, 75, 119, 129, 70, -10, -22, 25, 57, 37, -24, -51, 6, 72, 60, -22, -81, -62, -28, -54, -123, -155, -99, -9, 34, 3, -37, -38, -26, -5, 9, 10, 12, 48, 70, 35, -39, -38, 41, 77, 27, -40, -24, 54, 96, 50, -35, -66, -24, 32, 26, -24, -58, -29, -2, -29, -104, -138, -73, 10, 22, -34, -92, -92, -44, -51, -122, -179, -155, -102, -90, -126, -184, -173, -101, -60, -100, -156, -146, -81, -18, -14, -70, -87, -20, 49, 12, -98, -157, -120, -45, -33, -106, -163, -109, -10, 12, -59, -125, -77, 11, 50, -10, -113, -149, -118, -97, -152, -227, -200, -89, -3, -19, -92, -107, -38, 32, 25, -43, -102, -88, -37, -26, -89, -124, -46, 54, 60, -21, -85, -58, 4, 36, 4, -43, -35, 28, 49, -2, -43, 0, 84, 114, 77, 28, 43, 105, 117, 34, -75, -99, -42, -1, -19, -89, -132, -89, -13, -2, -76, -123, -85, -43, -35, -69, -88, -29, 72, 113, 52, -26, -25, 40, 76, 25, -42, -29, 54, 118, 85, 10, 17, 83, 130, 116, 66, 56, 98, 130, 105, 35, 8, 56, 108, 99, 35, 4, 58, 131, 129, 53, -23, -11, 52, 84, 38, -17, -7, 38, 65, 37, 2, 52, 152, 216, 198, 134, 124, 183, 225, 183, 90, 56, 83, 120, 132, 83, 34, 59, 116, 113, 43, 8, 52, 105, 107, 36, -30, -28, 18, 49, 17, -39, -56, -28, -9, -40, -78, -34, 60, 90, 25, -62, -86, -10, 73, 83, 37, 29, 88, 130, 99, 36, 3, 41, 114, 116, 33, -40, -12, 65, 81, 16, -29, 23, 119, 152, 101, 17, -2, 67, 86, 34, -1, 35, 90, 104, 64, 8, 22, 102, 153, 105, 5, -35, 5, 36, 9, -46, -69, 2, 76, 68, -3, -41, -6, 41, 55, 18, -18, 25, 103, 118, 54, -1, 42, 128, 140, 90, 21, 8, 49, 50, -10, -45, 2, 88, 146, 133, 85, 75, 135, 202, 195, 108, 56, 85, 136, 137, 86, 59, 131, 228, 240, 163, 107, 151, 216, 248, 236, 196, 204, 272, 283, 200, 122, 147, 214, 250, 204, 122, 122, 192, 245, 221, 146, 125, 179, 232, 233, 177, 132, 168, 221, 203, 117, 68, 121, 189, 194, 145, 100, 119, 177, 178, 102, 35, 48, 92, 102, 43, -38, -43, 23, 67, 25, -52, -73, -27, 10, -12, -92, -137, -91, -37, -49, -122, -166, -114, -29, -2, -46, -91, -82, -50, -62, -133, -190, -167, -100, -77, -134, -185, -137, -38, -9, -87, -174, -177, -117, -65, -65, -113, -122, -67, -28, -77, -162, -171, -117, -72, -71, -100, -103, -45, 13, 25, -10, -25, 21, 67, 70, 24, -17, 18, 83, 97, 34, -36, -20, 59, 124, 91, 25, 45, 133, 176, 121, 25]",0,0.6108298301696777,0.38917019963264465
"[8, 69, 119, 98, 32, 6, 60, 100, 32, -104, -167, -99, 8, 60, 33, -2, 51, 154, 208, 183, 148, 171, 219, 232, 177, 105, 103, 166, 196, 138, 52, 37, 91, 140, 104, 19, -10, 49, 107, 73, -12, -24, 43, 112, 128, 75, 35, 72, 139, 135, 58, 20, 55, 107, 114, 48, -23, -8, 45, 59, 2, -70, -67, -18, 7, -41, -119, -109, -18, 34, -14, -101, -104, -35, 12, -9, -57, -52, 21, 85, 65, -21, -60, -20, 5, -23, -86, -109, -54, -6, -43, -142, -204, -149, -28, 44, 27, -8, 27, 122, 176, 145, 92, 103, 147, 154, 115, 59, 60, 136, 209, 200, 120, 75, 121, 171, 160, 92, 57, 89, 118, 75, -21, -88, -71, -27, -20, -61, -103, -81, -24, -9, -52, -102, -85, -17, 24, -9, -81, -78, -4, 35, -2, -70, -83, -24, 34, 22, -57, -101, -45, 19, 7, -54, -77, -23, 51, 73, 28, -5, 40, 108, 119, 57, 2, 25, 85, 113, 86, 37, 51, 116, 144, 83, 1, -6, 37, 59, 28, -26, -37, 23, 72, 49, -21, -25, 39, 80, 44, -41, -82, -21, 57, 50, -20, -42, 16, 87, 125, 96, 18, -1, 74, 131, 97, 34, 37, 92, 154, 170, 141, 140, 188, 234, 212, 124, 89, 139, 201, 201, 148, 129, 184, 241, 201, 107, 58, 103, 173, 187, 118, 58, 85, 140, 141, 70, 10, 28, 75, 80, 11, -72, -75, -6, 25, -24, -98, -93, -23, 41, 49, 12, 40, 138, 210, 180, 105, 87, 125, 150, 129, 57, 19, 67, 135, 140, 71, 23, 64, 144, 186, 156, 109, 119, 169, 173, 92, 4, -6, 38, 59, 7, -78, -85, 16, 132, 148, 74, 48, 91, 157, 184, 155, 149, 208, 261, 240, 160, 132, 187, 249, 256, 187, 119, 141, 208, 215, 154, 108, 151, 227, 251, 200, 128, 135, 218, 251, 180, 101, 131, 233, 314, 311, 240, 202, 248, 296, 269, 195, 161, 198, 242, 242, 213, 217, 276, 328, 310, 230, 172, 193, 229, 219, 151, 90, 120, 178, 165, 92, 33, 44, 93, 107, 51, -33, -40, 24, 72, 36, -50, -85, -61, -53, -99, -187, -225, -167, -118, -162, -253, -264, -166, -77, -69, -134, -201, -182, -122, -119, -183, -248, -231, -171, -140, -171, -206, -152, -51, -20, -65, -106, -84, -33, 8, 1, -83, -146, -100, -23, -20, -77, -90, -23, 52, 74, 43, 34, 93, 163, 153, 66, 3, 49, 128, 151, 96, 36, 64, 132, 138, 66, -6, -1, 57, 109, 88, 11, -3, 56, 107, 83, -6, -37, 19, 66, 49, -18, -58, -33, 2, -4, -45, -69, -18, 48, 64, 11, -40, -14, 34, 22, -53, -109, -101, -62, -58, -110, -174, -166, -83, -34, -77, -161, -193, -156, -115, -141, -214, -230, -171, -123, -138, -185, -181, -107, -25, -7, -49, -62, -5, 51, 41, -25, -68, -21, 32, 38, 5, -28, -19, 18, 23, -22, -84, -84, -42, -21, -44, -100, -94, -20, 42, 9, -77, -92, -43, -24, -66, -146, -183, -132, -67]",0,0.5858981609344482,0.41410183906555176
"[-82, -187, -243, -164, -36, 21, -17, -58, -5, 87, 86, 8, -42, -18, 34, 52, 16, -36, -26, 28, 69, 35, -28, -25, 10, 11, -40, -105, -86, -11, 29, -7, -109, -138, -68, 4, 11, -43, -86, -53, 18, 26, -45, -108, -87, -24, 8, -11, -52, -24, 39, 59, 12, -50, -44, 33, 97, 56, -21, -19, 65, 119, 68, -39, -73, -13, 50, 64, 28, 24, 92, 170, 169, 100, 59, 98, 164, 176, 105, 57, 97, 157, 152, 73, 13, 33, 91, 128, 76, -22, -38, 26, 65, 22, -57, -85, -33, 26, 4, -84, -107, -21, 68, 59, -23, -45, 32, 122, 136, 91, 69, 113, 180, 181, 107, 58, 93, 155, 166, 85, -4, 17, 99, 134, 90, 29, 34, 82, 125, 120, 64, 55, 108, 99, 10, -103, -152, -118, -86, -103, -170, -233, -230, -179, -178, -241, -266, -214, -140, -103, -149, -216, -201, -137, -110, -141, -169, -121, -44, -17, -41, -57, -9, 81, 128, 74, -22, -54, -4, 51, 50, -9, -38, 17, 56, 8, -76, -104, -49, 7, 4, -57, -99, -56, 7, -9, -118, -194, -182, -116, -70, -113, -194, -196, -125, -75, -90, -158, -148, -53, 26, 23, -29, -35, 37, 103, 90, 13, -12, 28, 74, 58, -10, -52, -19, 39, 32, -46, -75, -10, 65, 81, 20, -24, 18, 91, 88, 10, -55, -40, 40, 100, 88, 38, 29, 88, 133, 92, 12, -4, 41, 86, 69, 2, -4, 84, 167, 151, 70, 43, 116, 208, 228, 160, 113, 172, 273, 266, 165, 85, 102, 155, 166, 121, 74, 106, 187, 216, 166, 107, 134, 215, 262, 241, 186, 209, 296, 341, 299, 224, 203, 259, 298, 262, 185, 165, 213, 258, 265, 235, 224, 265, 316, 316, 245, 189, 228, 294, 301, 240, 185, 213, 272, 296, 257, 182, 172, 215, 232, 187, 128, 118, 171, 231, 232, 179, 170, 231, 277, 227, 125, 85, 129, 184, 179, 116, 74, 100, 163, 172, 105, 51, 69, 115, 149, 129, 69, 74, 144, 172, 132, 68, 75, 124, 147, 119, 68, 65, 122, 160, 122, 56, 55, 99, 122, 98, 19, -19, 35, 103, 86, 16, -18, 20, 83, 109, 61, -10, -12, 28, 38, -23, -109, -109, -50, -2, -13, -51, -13, 72, 116, 68, -20, -40, -5, 12, -17, -75, -78, -13, 38, 12, -71, -121, -73, -2, 0, -68, -123, -117, -103, -134, -184, -205, -158, -77, -34, -84, -165, -179, -124, -81, -114, -188, -212, -154, -98, -97, -137, -132, -52, 12, 1, -78, -107, -54, 10, 21, -21, -29, 23, 80, 80, 22, -18, -2, 18, 19, -6, -43, -28, 32, 55, 10, -33, 0, 67, 90, 44, -17, -19, 42, 74, 10, -74, -91, -27, 33, 36, -4, -17, 43, 104, 97, 32, -11, -4, 41, 56, 16, -9, 7, 50, 48, -1, -28, -6, 39, 53, -24, -145, -168, -107, -99, -177, -253, -263, -211, -135, -93, -87, -57, 16, 73, 50, -21, -44, -8, 28, 8, -84, -133, -104, -73, -68, -114, -157, -130, -101, -157, -283, -377]",0,0.5817424654960632,0.4182575047016144
"[-9, 57, 113, 83, -6, -58, -20, 49, 84, 67, 41, 82, 150, 153, 76, 11, 25, 72, 77, -5, -109, -124, -57, -20, -75, -169, -213, -188, -155, -163, -197, -186, -90, 9, 10, -78, -131, -71, 37, 100, 41, -56, -38, 85, 172, 176, 146, 165, 218, 277, 276, 240, 264, 336, 356, 304, 246, 272, 346, 386, 345, 265, 247, 292, 322, 245, 90, 27, 91, 168, 192, 161, 131, 163, 214, 198, 114, 68, 115, 173, 176, 108, 54, 72, 140, 177, 138, 91, 119, 169, 179, 128, 48, 17, 58, 96, 65, -8, -27, 8, 18, -18, -85, -115, -55, 7, -5, -74, -91, -9, 73, 97, 40, -38, -40, 8, 21, -24, -82, -67, -6, 12, -8, -37, -2, 93, 165, 139, 88, 105, 194, 295, 330, 293, 283, 346, 411, 400, 324, 276, 285, 321, 327, 259, 180, 183, 251, 290, 249, 208, 235, 321, 387, 375, 330, 348, 417, 432, 369, 276, 235, 256, 285, 274, 212, 182, 226, 258, 205, 108, 64, 85, 112, 72, -20, -71, -51, -36, -73, -135, -145, -82, -18, -26, -86, -126, -103, -43, -25, -75, -140, -137, -82, -51, -105, -199, -204, -107, -38, -54, -107, -109, -56, -4, -17, -88, -120, -69, -12, -37, -137, -181, -110, -23, -1, -42, -68, -4, 84, 92, 26, -9, 23, 73, 72, 16, -36, -19, 33, 40, -22, -108, -113, -45, 5, -10, -65, -68, -4, 48, 22, -44, -68, -25, 25, 25, -41, -73, -26, 24, 1, -83, -126, -100, -37, 5, -24, -70, -42, -3, -26, -116, -170, -124, -42, -5, -40, -85, -54, 42, 96, 52, -29, -56, -27, -19, -59, -134, -167, -118, -54, -56, -121, -102, 81, 246, 260, 168, 123, 193, 279, 268, 166, 67, 53, 74, 70, 32, 6, 35, 101, 136, 90, 7, -9, 25, 58, 34, -41, -93, -90, -77, -115, -181, -200, -164, -129, -131, -203, -253, -185, -84, -58, -132, -190, -163, -110, -106, -178, -244, -209, -109, -58, -116, -205, -194, -116, -62, -76, -93, -27, 87, 163, 149, 90, 100, 187, 267, 277, 218, 198, 243, 278, 260, 211, 210, 264, 311, 320, 267, 226, 264, 322, 296, 209, 169, 217, 279, 294, 236, 162, 157, 200, 184, 81, -40, -78, -35, 6, -20, -85, -89, -35, 6, -20, -88, -119, -90, -51, -69, -136, -172, -115, -44, -55, -129, -164, -121, -59, -68, -133, -167, -120, -41, -28, -104, -171, -141, -65, -9, -17, -51, -17, 74, 112, 49, -50, -67, 8, 80, 69, -9, -65, -33, 12, 6, -40, -65, -50, -25, -29, -81, -116, -65, 9, 0, -82, -131, -90, -24, -13, -87, -187, -197, -110, -65, -129, -210, -212, -181, -172, -209, -257, -222, -131, -73, -108, -198, -206, -116, -29, -28, -117, -195, -184, -138, -135, -184, -215, -166, -105, -98, -158, -232, -218, -121, -54, -78, -135, -125, -65, -37, -73, -134, -133, -75, -50, -92, -179, -195, -115, -22, 4, -33, -36, 32, 117, 131, 71, 29, 55, 112, 135, 98, 57, 92, 128, 73, -27, -87, -54, 4]",0,0.9175975322723389,0.08240247517824173
"[21, -39, -137, -139, -84, -81, -141, -199, -179, -115, -53, -49, -83, -66, 8, 74, 70, -1, -36, 1, 49, 57, 8, -18, 21, 67, 55, -8, -43, -6, 57, 96, 59, 16, 52, 137, 172, 124, 65, 84, 153, 177, 125, 71, 75, 119, 129, 70, -10, -22, 25, 57, 37, -24, -51, 6, 72, 60, -22, -81, -62, -28, -54, -123, -155, -99, -9, 34, 3, -37, -38, -26, -5, 9, 10, 12, 48, 70, 35, -39, -38, 41, 77, 27, -40, -24, 54, 96, 50, -35, -66, -24, 32, 26, -24, -58, -29, -2, -29, -104, -138, -73, 10, 22, -34, -92, -92, -44, -51, -122, -179, -155, -102, -90, -126, -184, -173, -101, -60, -100, -156, -146, -81, -18, -14, -70, -87, -20, 49, 12, -98, -157, -120, -45, -33, -106, -163, -109, -10, 12, -59, -125, -77, 11, 50, -10, -113, -149, -118, -97, -152, -227, -200, -89, -3, -19, -92, -107, -38, 32, 25, -43, -102, -88, -37, -26, -89, -124, -46, 54, 60, -21, -85, -58, 4, 36, 4, -43, -35, 28, 49, -2, -43, 0, 84, 114, 77, 28, 43, 105, 117, 34, -75, -99, -42, -1, -19, -89, -132, -89, -13, -2, -76, -123, -85, -43, -35, -69, -88, -29, 72, 113, 52, -26, -25, 40, 76, 25, -42, -29, 54, 118, 85, 10, 17, 83, 130, 116, 66, 56, 98, 130, 105, 35, 8, 56, 108, 99, 35, 4, 58, 131, 129, 53, -23, -11, 52, 84, 38, -17, -7, 38, 65, 37, 2, 52, 152, 216, 198, 134, 124, 183, 225, 183, 90, 56, 83, 120, 132, 83, 34, 59, 116, 113, 43, 8, 52, 105, 107, 36, -30, -28, 18, 49, 17, -39, -56, -28, -9, -40, -78, -34, 60, 90, 25, -62, -86, -10, 73, 83, 37, 29, 88, 130, 99, 36, 3, 41, 114, 116, 33, -40, -12, 65, 81, 16, -29, 23, 119, 152, 101, 17, -2, 67, 86, 34, -1, 35, 90, 104, 64, 8, 22, 102, 153, 105, 5, -35, 5, 36, 9, -46, -69, 2, 76, 68, -3, -41, -6, 41, 55, 18, -18, 25, 103, 118, 54, -1, 42, 128, 140, 90, 21, 8, 49, 50, -10, -45, 2, 88, 146, 133, 85, 75, 135, 202, 195, 108, 56, 85, 136, 137, 86, 59, 131, 228, 240, 163, 107, 151, 216, 248, 236, 196, 204, 272, 283, 200, 122, 147, 214, 250, 204, 122, 122, 192, 245, 221, 146, 125, 179, 232, 233, 177, 132, 168, 221, 203, 117, 68, 121, 189, 194, 145, 100, 119, 177, 178, 102, 35, 48, 92, 102, 43, -38, -43, 23, 67, 25, -52, -73, -27, 10, -12, -92, -137, -91, -37, -49, -122, -166, -114, -29, -2, -46, -91, -82, -50, -62, -133, -190, -167, -100, -77, -134, -185, -137, -38, -9, -87, -174, -177, -117, -65, -65, -113, -122, -67, -28, -77, -162, -171, -117, -72, -71, -100, -103, -45, 13, 25, -10, -25, 21, 67, 70, 24, -17, 18, 83, 97, 34, -36, -20, 59, 124, 91, 25, 45, 133, 176, 121, 25]",0,0.8922317624092102,0.10776825249195099
"[8, 69, 119, 98, 32, 6, 60, 100, 32, -104, -167, -99, 8, 60, 33, -2, 51, 154, 208, 183, 148, 171, 219, 232, 177, 105, 103, 166, 196, 138, 52, 37, 91, 140, 104, 19, -10, 49, 107, 73, -12, -24, 43, 112, 128, 75, 35, 72, 139, 135, 58, 20, 55, 107, 114, 48, -23, -8, 45, 59, 2, -70, -67, -18, 7, -41, -119, -109, -18, 34, -14, -101, -104, -35, 12, -9, -57, -52, 21, 85, 65, -21, -60, -20, 5, -23, -86, -109, -54, -6, -43, -142, -204, -149, -28, 44, 27, -8, 27, 122, 176, 145, 92, 103, 147, 154, 115, 59, 60, 136, 209, 200, 120, 75, 121, 171, 160, 92, 57, 89, 118, 75, -21, -88, -71, -27, -20, -61, -103, -81, -24, -9, -52, -102, -85, -17, 24, -9, -81, -78, -4, 35, -2, -70, -83, -24, 34, 22, -57, -101, -45, 19, 7, -54, -77, -23, 51, 73, 28, -5, 40, 108, 119, 57, 2, 25, 85, 113, 86, 37, 51, 116, 144, 83, 1, -6, 37, 59, 28, -26, -37, 23, 72, 49, -21, -25, 39, 80, 44, -41, -82, -21, 57, 50, -20, -42, 16, 87, 125, 96, 18, -1, 74, 131, 97, 34, 37, 92, 154, 170, 141, 140, 188, 234, 212, 124, 89, 139, 201, 201, 148, 129, 184, 241, 201, 107, 58, 103, 173, 187, 118, 58, 85, 140, 141, 70, 10, 28, 75, 80, 11, -72, -75, -6, 25, -24, -98, -93, -23, 41, 49, 12, 40, 138, 210, 180, 105, 87, 125, 150, 129, 57, 19, 67, 135, 140, 71, 23, 64, 144, 186, 156, 109, 119, 169, 173, 92, 4, -6, 38, 59, 7, -78, -85, 16, 132, 148, 74, 48, 91, 157, 184, 155, 149, 208, 261, 240, 160, 132, 187, 249, 256, 187, 119, 141, 208, 215, 154, 108, 151, 227, 251, 200, 128, 135, 218, 251, 180, 101, 131, 233, 314, 311, 240, 202, 248, 296, 269, 195, 161, 198, 242, 242, 213, 217, 276, 328, 310, 230, 172, 193, 229, 219, 151, 90, 120, 178, 165, 92, 33, 44, 93, 107, 51, -33, -40, 24, 72, 36, -50, -85, -61, -53, -99, -187, -225, -167, -118, -162, -253, -264, -166, -77, -69, -134, -201, -182, -122, -119, -183, -248, -231, -171, -140, -171, -206, -152, -51, -20, -65, -106, -84, -33, 8, 1, -83, -146, -100, -23, -20, -77, -90, -23, 52, 74, 43, 34, 93, 163, 153, 66, 3, 49, 128, 151, 96, 36, 64, 132, 138, 66, -6, -1, 57, 109, 88, 11, -3, 56, 107, 83, -6, -37, 19, 66, 49, -18, -58, -33, 2, -4, -45, -69, -18, 48, 64, 11, -40, -14, 34, 22, -53, -109, -101, -62, -58, -110, -174, -166, -83, -34, -77, -161, -193, -156, -115, -141, -214, -230, -171, -123, -138, -185, -181, -107, -25, -7, -49, -62, -5, 51, 41, -25, -68, -21, 32, 38, 5, -28, -19, 18, 23, -22, -84, -84, -42, -21, -44, -100, -94, -20, 42, 9, -77, -92, -43, -24, -66, -146, -183, -132, -67]",0,0.881594717502594,0.1184053122997284
"[-82, -187, -243, -164, -36, 21, -17, -58, -5, 87, 86, 8, -42, -18, 34, 52, 16, -36, -26, 28, 69, 35, -28, -25, 10, 11, -40, -105, -86, -11, 29, -7, -109, -138, -68, 4, 11, -43, -86, -53, 18, 26, -45, -108, -87, -24, 8, -11, -52, -24, 39, 59, 12, -50, -44, 33, 97, 56, -21, -19, 65, 119, 68, -39, -73, -13, 50, 64, 28, 24, 92, 170, 169, 100, 59, 98, 164, 176, 105, 57, 97, 157, 152, 73, 13, 33, 91, 128, 76, -22, -38, 26, 65, 22, -57, -85, -33, 26, 4, -84, -107, -21, 68, 59, -23, -45, 32, 122, 136, 91, 69, 113, 180, 181, 107, 58, 93, 155, 166, 85, -4, 17, 99, 134, 90, 29, 34, 82, 125, 120, 64, 55, 108, 99, 10, -103, -152, -118, -86, -103, -170, -233, -230, -179, -178, -241, -266, -214, -140, -103, -149, -216, -201, -137, -110, -141, -169, -121, -44, -17, -41, -57, -9, 81, 128, 74, -22, -54, -4, 51, 50, -9, -38, 17, 56, 8, -76, -104, -49, 7, 4, -57, -99, -56, 7, -9, -118, -194, -182, -116, -70, -113, -194, -196, -125, -75, -90, -158, -148, -53, 26, 23, -29, -35, 37, 103, 90, 13, -12, 28, 74, 58, -10, -52, -19, 39, 32, -46, -75, -10, 65, 81, 20, -24, 18, 91, 88, 10, -55, -40, 40, 100, 88, 38, 29, 88, 133, 92, 12, -4, 41, 86, 69, 2, -4, 84, 167, 151, 70, 43, 116, 208, 228, 160, 113, 172, 273, 266, 165, 85, 102, 155, 166, 121, 74, 106, 187, 216, 166, 107, 134, 215, 262, 241, 186, 209, 296, 341, 299, 224, 203, 259, 298, 262, 185, 165, 213, 258, 265, 235, 224, 265, 316, 316, 245, 189, 228, 294, 301, 240, 185, 213, 272, 296, 257, 182, 172, 215, 232, 187, 128, 118, 171, 231, 232, 179, 170, 231, 277, 227, 125, 85, 129, 184, 179, 116, 74, 100, 163, 172, 105, 51, 69, 115, 149, 129, 69, 74, 144, 172, 132, 68, 75, 124, 147, 119, 68, 65, 122, 160, 122, 56, 55, 99, 122, 98, 19, -19, 35, 103, 86, 16, -18, 20, 83, 109, 61, -10, -12, 28, 38, -23, -109, -109, -50, -2, -13, -51, -13, 72, 116, 68, -20, -40, -5, 12, -17, -75, -78, -13, 38, 12, -71, -121, -73, -2, 0, -68, -123, -117, -103, -134, -184, -205, -158, -77, -34, -84, -165, -179, -124, -81, -114, -188, -212, -154, -98, -97, -137, -132, -52, 12, 1, -78, -107, -54, 10, 21, -21, -29, 23, 80, 80, 22, -18, -2, 18, 19, -6, -43, -28, 32, 55, 10, -33, 0, 67, 90, 44, -17, -19, 42, 74, 10, -74, -91, -27, 33, 36, -4, -17, 43, 104, 97, 32, -11, -4, 41, 56, 16, -9, 7, 50, 48, -1, -28, -6, 39, 53, -24, -145, -168, -107, -99, -177, -253, -263, -211, -135, -93, -87, -57, 16, 73, 50, -21, -44, -8, 28, 8, -84, -133, -104, -73, -68, -114, -157, -130, -101, -157, -283, -377]",0,0.8720207810401917,0.12797918915748596
"[-9, 57, 113, 83, -6, -58, -20, 49, 84, 67, 41, 82, 150, 153, 76, 11, 25, 72, 77, -5, -109, -124, -57, -20, -75, -169, -213, -188, -155, -163, -197, -186, -90, 9, 10, -78, -131, -71, 37, 100, 41, -56, -38, 85, 172, 176, 146, 165, 218, 277, 276, 240, 264, 336, 356, 304, 246, 272, 346, 386, 345, 265, 247, 292, 322, 245, 90, 27, 91, 168, 192, 161, 131, 163, 214, 198, 114, 68, 115, 173, 176, 108, 54, 72, 140, 177, 138, 91, 119, 169, 179, 128, 48, 17, 58, 96, 65, -8, -27, 8, 18, -18, -85, -115, -55, 7, -5, -74, -91, -9, 73, 97, 40, -38, -40, 8, 21, -24, -82, -67, -6, 12, -8, -37, -2, 93, 165, 139, 88, 105, 194, 295, 330, 293, 283, 346, 411, 400, 324, 276, 285, 321, 327, 259, 180, 183, 251, 290, 249, 208, 235, 321, 387, 375, 330, 348, 417, 432, 369, 276, 235, 256, 285, 274, 212, 182, 226, 258, 205, 108, 64, 85, 112, 72, -20, -71, -51, -36, -73, -135, -145, -82, -18, -26, -86, -126, -103, -43, -25, -75, -140, -137, -82, -51, -105, -199, -204, -107, -38, -54, -107, -109, -56, -4, -17, -88, -120, -69, -12, -37, -137, -181, -110, -23, -1, -42, -68, -4, 84, 92, 26, -9, 23, 73, 72, 16, -36, -19, 33, 40, -22, -108, -113, -45, 5, -10, -65, -68, -4, 48, 22, -44, -68, -25, 25, 25, -41, -73, -26, 24, 1, -83, -126, -100, -37, 5, -24, -70, -42, -3, -26, -116, -170, -124, -42, -5, -40, -85, -54, 42, 96, 52, -29, -56, -27, -19, -59, -134, -167, -118, -54, -56, -121, -102, 81, 246, 260, 168, 123, 193, 279, 268, 166, 67, 53, 74, 70, 32, 6, 35, 101, 136, 90, 7, -9, 25, 58, 34, -41, -93, -90, -77, -115, -181, -200, -164, -129, -131, -203, -253, -185, -84, -58, -132, -190, -163, -110, -106, -178, -244, -209, -109, -58, -116, -205, -194, -116, -62, -76, -93, -27, 87, 163, 149, 90, 100, 187, 267, 277, 218, 198, 243, 278, 260, 211, 210, 264, 311, 320, 267, 226, 264, 322, 296, 209, 169, 217, 279, 294, 236, 162, 157, 200, 184, 81, -40, -78, -35, 6, -20, -85, -89, -35, 6, -20, -88, -119, -90, -51, -69, -136, -172, -115, -44, -55, -129, -164, -121, -59, -68, -133, -167, -120, -41, -28, -104, -171, -141, -65, -9, -17, -51, -17, 74, 112, 49, -50, -67, 8, 80, 69, -9, -65, -33, 12, 6, -40, -65, -50, -25, -29, -81, -116, -65, 9, 0, -82, -131, -90, -24, -13, -87, -187, -197, -110, -65, -129, -210, -212, -181, -172, -209, -257, -222, -131, -73, -108, -198, -206, -116, -29, -28, -117, -195, -184, -138, -135, -184, -215, -166, -105, -98, -158, -232, -218, -121, -54, -78, -135, -125, -65, -37, -73, -134, -133, -75, -50, -92, -179, -195, -115, -22, 4, -33, -36, 32, 117, 131, 71, 29, 55, 112, 135, 98, 57, 92, 128, 73, -27, -87, -54, 4]",0,0.9916041493415833,0.008395858108997345
"[21, -39, -137, -139, -84, -81, -141, -199, -179, -115, -53, -49, -83, -66, 8, 74, 70, -1, -36, 1, 49, 57, 8, -18, 21, 67, 55, -8, -43, -6, 57, 96, 59, 16, 52, 137, 172, 124, 65, 84, 153, 177, 125, 71, 75, 119, 129, 70, -10, -22, 25, 57, 37, -24, -51, 6, 72, 60, -22, -81, -62, -28, -54, -123, -155, -99, -9, 34, 3, -37, -38, -26, -5, 9, 10, 12, 48, 70, 35, -39, -38, 41, 77, 27, -40, -24, 54, 96, 50, -35, -66, -24, 32, 26, -24, -58, -29, -2, -29, -104, -138, -73, 10, 22, -34, -92, -92, -44, -51, -122, -179, -155, -102, -90, -126, -184, -173, -101, -60, -100, -156, -146, -81, -18, -14, -70, -87, -20, 49, 12, -98, -157, -120, -45, -33, -106, -163, -109, -10, 12, -59, -125, -77, 11, 50, -10, -113, -149, -118, -97, -152, -227, -200, -89, -3, -19, -92, -107, -38, 32, 25, -43, -102, -88, -37, -26, -89, -124, -46, 54, 60, -21, -85, -58, 4, 36, 4, -43, -35, 28, 49, -2, -43, 0, 84, 114, 77, 28, 43, 105, 117, 34, -75, -99, -42, -1, -19, -89, -132, -89, -13, -2, -76, -123, -85, -43, -35, -69, -88, -29, 72, 113, 52, -26, -25, 40, 76, 25, -42, -29, 54, 118, 85, 10, 17, 83, 130, 116, 66, 56, 98, 130, 105, 35, 8, 56, 108, 99, 35, 4, 58, 131, 129, 53, -23, -11, 52, 84, 38, -17, -7, 38, 65, 37, 2, 52, 152, 216, 198, 134, 124, 183, 225, 183, 90, 56, 83, 120, 132, 83, 34, 59, 116, 113, 43, 8, 52, 105, 107, 36, -30, -28, 18, 49, 17, -39, -56, -28, -9, -40, -78, -34, 60, 90, 25, -62, -86, -10, 73, 83, 37, 29, 88, 130, 99, 36, 3, 41, 114, 116, 33, -40, -12, 65, 81, 16, -29, 23, 119, 152, 101, 17, -2, 67, 86, 34, -1, 35, 90, 104, 64, 8, 22, 102, 153, 105, 5, -35, 5, 36, 9, -46, -69, 2, 76, 68, -3, -41, -6, 41, 55, 18, -18, 25, 103, 118, 54, -1, 42, 128, 140, 90, 21, 8, 49, 50, -10, -45, 2, 88, 146, 133, 85, 75, 135, 202, 195, 108, 56, 85, 136, 137, 86, 59, 131, 228, 240, 163, 107, 151, 216, 248, 236, 196, 204, 272, 283, 200, 122, 147, 214, 250, 204, 122, 122, 192, 245, 221, 146, 125, 179, 232, 233, 177, 132, 168, 221, 203, 117, 68, 121, 189, 194, 145, 100, 119, 177, 178, 102, 35, 48, 92, 102, 43, -38, -43, 23, 67, 25, -52, -73, -27, 10, -12, -92, -137, -91, -37, -49, -122, -166, -114, -29, -2, -46, -91, -82, -50, -62, -133, -190, -167, -100, -77, -134, -185, -137, -38, -9, -87, -174, -177, -117, -65, -65, -113, -122, -67, -28, -77, -162, -171, -117, -72, -71, -100, -103, -45, 13, 25, -10, -25, 21, 67, 70, 24, -17, 18, 83, 97, 34, -36, -20, 59, 124, 91, 25, 45, 133, 176, 121, 25]",0,0.9859572649002075,0.014042742550373077
"[8, 69, 119, 98, 32, 6, 60, 100, 32, -104, -167, -99, 8, 60, 33, -2, 51, 154, 208, 183, 148, 171, 219, 232, 177, 105, 103, 166, 196, 138, 52, 37, 91, 140, 104, 19, -10, 49, 107, 73, -12, -24, 43, 112, 128, 75, 35, 72, 139, 135, 58, 20, 55, 107, 114, 48, -23, -8, 45, 59, 2, -70, -67, -18, 7, -41, -119, -109, -18, 34, -14, -101, -104, -35, 12, -9, -57, -52, 21, 85, 65, -21, -60, -20, 5, -23, -86, -109, -54, -6, -43, -142, -204, -149, -28, 44, 27, -8, 27, 122, 176, 145, 92, 103, 147, 154, 115, 59, 60, 136, 209, 200, 120, 75, 121, 171, 160, 92, 57, 89, 118, 75, -21, -88, -71, -27, -20, -61, -103, -81, -24, -9, -52, -102, -85, -17, 24, -9, -81, -78, -4, 35, -2, -70, -83, -24, 34, 22, -57, -101, -45, 19, 7, -54, -77, -23, 51, 73, 28, -5, 40, 108, 119, 57, 2, 25, 85, 113, 86, 37, 51, 116, 144, 83, 1, -6, 37, 59, 28, -26, -37, 23, 72, 49, -21, -25, 39, 80, 44, -41, -82, -21, 57, 50, -20, -42, 16, 87, 125, 96, 18, -1, 74, 131, 97, 34, 37, 92, 154, 170, 141, 140, 188, 234, 212, 124, 89, 139, 201, 201, 148, 129, 184, 241, 201, 107, 58, 103, 173, 187, 118, 58, 85, 140, 141, 70, 10, 28, 75, 80, 11, -72, -75, -6, 25, -24, -98, -93, -23, 41, 49, 12, 40, 138, 210, 180, 105, 87, 125, 150, 129, 57, 19, 67, 135, 140, 71, 23, 64, 144, 186, 156, 109, 119, 169, 173, 92, 4, -6, 38, 59, 7, -78, -85, 16, 132, 148, 74, 48, 91, 157, 184, 155, 149, 208, 261, 240, 160, 132, 187, 249, 256, 187, 119, 141, 208, 215, 154, 108, 151, 227, 251, 200, 128, 135, 218, 251, 180, 101, 131, 233, 314, 311, 240, 202, 248, 296, 269, 195, 161, 198, 242, 242, 213, 217, 276, 328, 310, 230, 172, 193, 229, 219, 151, 90, 120, 178, 165, 92, 33, 44, 93, 107, 51, -33, -40, 24, 72, 36, -50, -85, -61, -53, -99, -187, -225, -167, -118, -162, -253, -264, -166, -77, -69, -134, -201, -182, -122, -119, -183, -248, -231, -171, -140, -171, -206, -152, -51, -20, -65, -106, -84, -33, 8, 1, -83, -146, -100, -23, -20, -77, -90, -23, 52, 74, 43, 34, 93, 163, 153, 66, 3, 49, 128, 151, 96, 36, 64, 132, 138, 66, -6, -1, 57, 109, 88, 11, -3, 56, 107, 83, -6, -37, 19, 66, 49, -18, -58, -33, 2, -4, -45, -69, -18, 48, 64, 11, -40, -14, 34, 22, -53, -109, -101, -62, -58, -110, -174, -166, -83, -34, -77, -161, -193, -156, -115, -141, -214, -230, -171, -123, -138, -185, -181, -107, -25, -7, -49, -62, -5, 51, 41, -25, -68, -21, 32, 38, 5, -28, -19, 18, 23, -22, -84, -84, -42, -21, -44, -100, -94, -20, 42, 9, -77, -92, -43, -24, -66, -146, -183, -132, -67]",0,0.9844130873680115,0.015586969442665577
"[-82, -187, -243, -164, -36, 21, -17, -58, -5, 87, 86, 8, -42, -18, 34, 52, 16, -36, -26, 28, 69, 35, -28, -25, 10, 11, -40, -105, -86, -11, 29, -7, -109, -138, -68, 4, 11, -43, -86, -53, 18, 26, -45, -108, -87, -24, 8, -11, -52, -24, 39, 59, 12, -50, -44, 33, 97, 56, -21, -19, 65, 119, 68, -39, -73, -13, 50, 64, 28, 24, 92, 170, 169, 100, 59, 98, 164, 176, 105, 57, 97, 157, 152, 73, 13, 33, 91, 128, 76, -22, -38, 26, 65, 22, -57, -85, -33, 26, 4, -84, -107, -21, 68, 59, -23, -45, 32, 122, 136, 91, 69, 113, 180, 181, 107, 58, 93, 155, 166, 85, -4, 17, 99, 134, 90, 29, 34, 82, 125, 120, 64, 55, 108, 99, 10, -103, -152, -118, -86, -103, -170, -233, -230, -179, -178, -241, -266, -214, -140, -103, -149, -216, -201, -137, -110, -141, -169, -121, -44, -17, -41, -57, -9, 81, 128, 74, -22, -54, -4, 51, 50, -9, -38, 17, 56, 8, -76, -104, -49, 7, 4, -57, -99, -56, 7, -9, -118, -194, -182, -116, -70, -113, -194, -196, -125, -75, -90, -158, -148, -53, 26, 23, -29, -35, 37, 103, 90, 13, -12, 28, 74, 58, -10, -52, -19, 39, 32, -46, -75, -10, 65, 81, 20, -24, 18, 91, 88, 10, -55, -40, 40, 100, 88, 38, 29, 88, 133, 92, 12, -4, 41, 86, 69, 2, -4, 84, 167, 151, 70, 43, 116, 208, 228, 160, 113, 172, 273, 266, 165, 85, 102, 155, 166, 121, 74, 106, 187, 216, 166, 107, 134, 215, 262, 241, 186, 209, 296, 341, 299, 224, 203, 259, 298, 262, 185, 165, 213, 258, 265, 235, 224, 265, 316, 316, 245, 189, 228, 294, 301, 240, 185, 213, 272, 296, 257, 182, 172, 215, 232, 187, 128, 118, 171, 231, 232, 179, 170, 231, 277, 227, 125, 85, 129, 184, 179, 116, 74, 100, 163, 172, 105, 51, 69, 115, 149, 129, 69, 74, 144, 172, 132, 68, 75, 124, 147, 119, 68, 65, 122, 160, 122, 56, 55, 99, 122, 98, 19, -19, 35, 103, 86, 16, -18, 20, 83, 109, 61, -10, -12, 28, 38, -23, -109, -109, -50, -2, -13, -51, -13, 72, 116, 68, -20, -40, -5, 12, -17, -75, -78, -13, 38, 12, -71, -121, -73, -2, 0, -68, -123, -117, -103, -134, -184, -205, -158, -77, -34, -84, -165, -179, -124, -81, -114, -188, -212, -154, -98, -97, -137, -132, -52, 12, 1, -78, -107, -54, 10, 21, -21, -29, 23, 80, 80, 22, -18, -2, 18, 19, -6, -43, -28, 32, 55, 10, -33, 0, 67, 90, 44, -17, -19, 42, 74, 10, -74, -91, -27, 33, 36, -4, -17, 43, 104, 97, 32, -11, -4, 41, 56, 16, -9, 7, 50, 48, -1, -28, -6, 39, 53, -24, -145, -168, -107, -99, -177, -253, -263, -211, -135, -93, -87, -57, 16, 73, 50, -21, -44, -8, 28, 8, -84, -133, -104, -73, -68, -114, -157, -130, -101, -157, -283, -377]",0,0.9811695218086243,0.01883043348789215
"[-9, 57, 113, 83, -6, -58, -20, 49, 84, 67, 41, 82, 150, 153, 76, 11, 25, 72, 77, -5, -109, -124, -57, -20, -75, -169, -213, -188, -155, -163, -197, -186, -90, 9, 10, -78, -131, -71, 37, 100, 41, -56, -38, 85, 172, 176, 146, 165, 218, 277, 276, 240, 264, 336, 356, 304, 246, 272, 346, 386, 345, 265, 247, 292, 322, 245, 90, 27, 91, 168, 192, 161, 131, 163, 214, 198, 114, 68, 115, 173, 176, 108, 54, 72, 140, 177, 138, 91, 119, 169, 179, 128, 48, 17, 58, 96, 65, -8, -27, 8, 18, -18, -85, -115, -55, 7, -5, -74, -91, -9, 73, 97, 40, -38, -40, 8, 21, -24, -82, -67, -6, 12, -8, -37, -2, 93, 165, 139, 88, 105, 194, 295, 330, 293, 283, 346, 411, 400, 324, 276, 285, 321, 327, 259, 180, 183, 251, 290, 249, 208, 235, 321, 387, 375, 330, 348, 417, 432, 369, 276, 235, 256, 285, 274, 212, 182, 226, 258, 205, 108, 64, 85, 112, 72, -20, -71, -51, -36, -73, -135, -145, -82, -18, -26, -86, -126, -103, -43, -25, -75, -140, -137, -82, -51, -105, -199, -204, -107, -38, -54, -107, -109, -56, -4, -17, -88, -120, -69, -12, -37, -137, -181, -110, -23, -1, -42, -68, -4, 84, 92, 26, -9, 23, 73, 72, 16, -36, -19, 33, 40, -22, -108, -113, -45, 5, -10, -65, -68, -4, 48, 22, -44, -68, -25, 25, 25, -41, -73, -26, 24, 1, -83, -126, -100, -37, 5, -24, -70, -42, -3, -26, -116, -170, -124, -42, -5, -40, -85, -54, 42, 96, 52, -29, -56, -27, -19, -59, -134, -167, -118, -54, -56, -121, -102, 81, 246, 260, 168, 123, 193, 279, 268, 166, 67, 53, 74, 70, 32, 6, 35, 101, 136, 90, 7, -9, 25, 58, 34, -41, -93, -90, -77, -115, -181, -200, -164, -129, -131, -203, -253, -185, -84, -58, -132, -190, -163, -110, -106, -178, -244, -209, -109, -58, -116, -205, -194, -116, -62, -76, -93, -27, 87, 163, 149, 90, 100, 187, 267, 277, 218, 198, 243, 278, 260, 211, 210, 264, 311, 320, 267, 226, 264, 322, 296, 209, 169, 217, 279, 294, 236, 162, 157, 200, 184, 81, -40, -78, -35, 6, -20, -85, -89, -35, 6, -20, -88, -119, -90, -51, -69, -136, -172, -115, -44, -55, -129, -164, -121, -59, -68, -133, -167, -120, -41, -28, -104, -171, -141, -65, -9, -17, -51, -17, 74, 112, 49, -50, -67, 8, 80, 69, -9, -65, -33, 12, 6, -40, -65, -50, -25, -29, -81, -116, -65, 9, 0, -82, -131, -90, -24, -13, -87, -187, -197, -110, -65, -129, -210, -212, -181, -172, -209, -257, -222, -131, -73, -108, -198, -206, -116, -29, -28, -117, -195, -184, -138, -135, -184, -215, -166, -105, -98, -158, -232, -218, -121, -54, -78, -135, -125, -65, -37, -73, -134, -133, -75, -50, -92, -179, -195, -115, -22, 4, -33, -36, 32, 117, 131, 71, 29, 55, 112, 135, 98, 57, 92, 128, 73, -27, -87, -54, 4]",0,0.9993247985839844,0.0006752022309228778
"[21, -39, -137, -139, -84, -81, -141, -199, -179, -115, -53, -49, -83, -66, 8, 74, 70, -1, -36, 1, 49, 57, 8, -18, 21, 67, 55, -8, -43, -6, 57, 96, 59, 16, 52, 137, 172, 124, 65, 84, 153, 177, 125, 71, 75, 119, 129, 70, -10, -22, 25, 57, 37, -24, -51, 6, 72, 60, -22, -81, -62, -28, -54, -123, -155, -99, -9, 34, 3, -37, -38, -26, -5, 9, 10, 12, 48, 70, 35, -39, -38, 41, 77, 27, -40, -24, 54, 96, 50, -35, -66, -24, 32, 26, -24, -58, -29, -2, -29, -104, -138, -73, 10, 22, -34, -92, -92, -44, -51, -122, -179, -155, -102, -90, -126, -184, -173, -101, -60, -100, -156, -146, -81, -18, -14, -70, -87, -20, 49, 12, -98, -157, -120, -45, -33, -106, -163, -109, -10, 12, -59, -125, -77, 11, 50, -10, -113, -149, -118, -97, -152, -227, -200, -89, -3, -19, -92, -107, -38, 32, 25, -43, -102, -88, -37, -26, -89, -124, -46, 54, 60, -21, -85, -58, 4, 36, 4, -43, -35, 28, 49, -2, -43, 0, 84, 114, 77, 28, 43, 105, 117, 34, -75, -99, -42, -1, -19, -89, -132, -89, -13, -2, -76, -123, -85, -43, -35, -69, -88, -29, 72, 113, 52, -26, -25, 40, 76, 25, -42, -29, 54, 118, 85, 10, 17, 83, 130, 116, 66, 56, 98, 130, 105, 35, 8, 56, 108, 99, 35, 4, 58, 131, 129, 53, -23, -11, 52, 84, 38, -17, -7, 38, 65, 37, 2, 52, 152, 216, 198, 134, 124, 183, 225, 183, 90, 56, 83, 120, 132, 83, 34, 59, 116, 113, 43, 8, 52, 105, 107, 36, -30, -28, 18, 49, 17, -39, -56, -28, -9, -40, -78, -34, 60, 90, 25, -62, -86, -10, 73, 83, 37, 29, 88, 130, 99, 36, 3, 41, 114, 116, 33, -40, -12, 65, 81, 16, -29, 23, 119, 152, 101, 17, -2, 67, 86, 34, -1, 35, 90, 104, 64, 8, 22, 102, 153, 105, 5, -35, 5, 36, 9, -46, -69, 2, 76, 68, -3, -41, -6, 41, 55, 18, -18, 25, 103, 118, 54, -1, 42, 128, 140, 90, 21, 8, 49, 50, -10, -45, 2, 88, 146, 133, 85, 75, 135, 202, 195, 108, 56, 85, 136, 137, 86, 59, 131, 228, 240, 163, 107, 151, 216, 248, 236, 196, 204, 272, 283, 200, 122, 147, 214, 250, 204, 122, 122, 192, 245, 221, 146, 125, 179, 232, 233, 177, 132, 168, 221, 203, 117, 68, 121, 189, 194, 145, 100, 119, 177, 178, 102, 35, 48, 92, 102, 43, -38, -43, 23, 67, 25, -52, -73, -27, 10, -12, -92, -137, -91, -37, -49, -122, -166, -114, -29, -2, -46, -91, -82, -50, -62, -133, -190, -167, -100, -77, -134, -185, -137, -38, -9, -87, -174, -177, -117, -65, -65, -113, -122, -67, -28, -77, -162, -171, -117, -72, -71, -100, -103, -45, 13, 25, -10, -25, 21, 67, 70, 24, -17, 18, 83, 97, 34, -36, -20, 59, 124, 91, 25, 45, 133, 176, 121, 25]",0,0.9986152648925781,0.0013847127556800842
"[8, 69, 119, 98, 32, 6, 60, 100, 32, -104, -167, -99, 8, 60, 33, -2, 51, 154, 208, 183, 148, 171, 219, 232, 177, 105, 103, 166, 196, 138, 52, 37, 91, 140, 104, 19, -10, 49, 107, 73, -12, -24, 43, 112, 128, 75, 35, 72, 139, 135, 58, 20, 55, 107, 114, 48, -23, -8, 45, 59, 2, -70, -67, -18, 7, -41, -119, -109, -18, 34, -14, -101, -104, -35, 12, -9, -57, -52, 21, 85, 65, -21, -60, -20, 5, -23, -86, -109, -54, -6, -43, -142, -204, -149, -28, 44, 27, -8, 27, 122, 176, 145, 92, 103, 147, 154, 115, 59, 60, 136, 209, 200, 120, 75, 121, 171, 160, 92, 57, 89, 118, 75, -21, -88, -71, -27, -20, -61, -103, -81, -24, -9, -52, -102, -85, -17, 24, -9, -81, -78, -4, 35, -2, -70, -83, -24, 34, 22, -57, -101, -45, 19, 7, -54, -77, -23, 51, 73, 28, -5, 40, 108, 119, 57, 2, 25, 85, 113, 86, 37, 51, 116, 144, 83, 1, -6, 37, 59, 28, -26, -37, 23, 72, 49, -21, -25, 39, 80, 44, -41, -82, -21, 57, 50, -20, -42, 16, 87, 125, 96, 18, -1, 74, 131, 97, 34, 37, 92, 154, 170, 141, 140, 188, 234, 212, 124, 89, 139, 201, 201, 148, 129, 184, 241, 201, 107, 58, 103, 173, 187, 118, 58, 85, 140, 141, 70, 10, 28, 75, 80, 11, -72, -75, -6, 25, -24, -98, -93, -23, 41, 49, 12, 40, 138, 210, 180, 105, 87, 125, 150, 129, 57, 19, 67, 135, 140, 71, 23, 64, 144, 186, 156, 109, 119, 169, 173, 92, 4, -6, 38, 59, 7, -78, -85, 16, 132, 148, 74, 48, 91, 157, 184, 155, 149, 208, 261, 240, 160, 132, 187, 249, 256, 187, 119, 141, 208, 215, 154, 108, 151, 227, 251, 200, 128, 135, 218, 251, 180, 101, 131, 233, 314, 311, 240, 202, 248, 296, 269, 195, 161, 198, 242, 242, 213, 217, 276, 328, 310, 230, 172, 193, 229, 219, 151, 90, 120, 178, 165, 92, 33, 44, 93, 107, 51, -33, -40, 24, 72, 36, -50, -85, -61, -53, -99, -187, -225, -167, -118, -162, -253, -264, -166, -77, -69, -134, -201, -182, -122, -119, -183, -248, -231, -171, -140, -171, -206, -152, -51, -20, -65, -106, -84, -33, 8, 1, -83, -146, -100, -23, -20, -77, -90, -23, 52, 74, 43, 34, 93, 163, 153, 66, 3, 49, 128, 151, 96, 36, 64, 132, 138, 66, -6, -1, 57, 109, 88, 11, -3, 56, 107, 83, -6, -37, 19, 66, 49, -18, -58, -33, 2, -4, -45, -69, -18, 48, 64, 11, -40, -14, 34, 22, -53, -109, -101, -62, -58, -110, -174, -166, -83, -34, -77, -161, -193, -156, -115, -141, -214, -230, -171, -123, -138, -185, -181, -107, -25, -7, -49, -62, -5, 51, 41, -25, -68, -21, 32, 38, 5, -28, -19, 18, 23, -22, -84, -84, -42, -21, -44, -100, -94, -20, 42, 9, -77, -92, -43, -24, -66, -146, -183, -132, -67]",0,0.9984384179115295,0.001561527606099844
"[-82, -187, -243, -164, -36, 21, -17, -58, -5, 87, 86, 8, -42, -18, 34, 52, 16, -36, -26, 28, 69, 35, -28, -25, 10, 11, -40, -105, -86, -11, 29, -7, -109, -138, -68, 4, 11, -43, -86, -53, 18, 26, -45, -108, -87, -24, 8, -11, -52, -24, 39, 59, 12, -50, -44, 33, 97, 56, -21, -19, 65, 119, 68, -39, -73, -13, 50, 64, 28, 24, 92, 170, 169, 100, 59, 98, 164, 176, 105, 57, 97, 157, 152, 73, 13, 33, 91, 128, 76, -22, -38, 26, 65, 22, -57, -85, -33, 26, 4, -84, -107, -21, 68, 59, -23, -45, 32, 122, 136, 91, 69, 113, 180, 181, 107, 58, 93, 155, 166, 85, -4, 17, 99, 134, 90, 29, 34, 82, 125, 120, 64, 55, 108, 99, 10, -103, -152, -118, -86, -103, -170, -233, -230, -179, -178, -241, -266, -214, -140, -103, -149, -216, -201, -137, -110, -141, -169, -121, -44, -17, -41, -57, -9, 81, 128, 74, -22, -54, -4, 51, 50, -9, -38, 17, 56, 8, -76, -104, -49, 7, 4, -57, -99, -56, 7, -9, -118, -194, -182, -116, -70, -113, -194, -196, -125, -75, -90, -158, -148, -53, 26, 23, -29, -35, 37, 103, 90, 13, -12, 28, 74, 58, -10, -52, -19, 39, 32, -46, -75, -10, 65, 81, 20, -24, 18, 91, 88, 10, -55, -40, 40, 100, 88, 38, 29, 88, 133, 92, 12, -4, 41, 86, 69, 2, -4, 84, 167, 151, 70, 43, 116, 208, 228, 160, 113, 172, 273, 266, 165, 85, 102, 155, 166, 121, 74, 106, 187, 216, 166, 107, 134, 215, 262, 241, 186, 209, 296, 341, 299, 224, 203, 259, 298, 262, 185, 165, 213, 258, 265, 235, 224, 265, 316, 316, 245, 189, 228, 294, 301, 240, 185, 213, 272, 296, 257, 182, 172, 215, 232, 187, 128, 118, 171, 231, 232, 179, 170, 231, 277, 227, 125, 85, 129, 184, 179, 116, 74, 100, 163, 172, 105, 51, 69, 115, 149, 129, 69, 74, 144, 172, 132, 68, 75, 124, 147, 119, 68, 65, 122, 160, 122, 56, 55, 99, 122, 98, 19, -19, 35, 103, 86, 16, -18, 20, 83, 109, 61, -10, -12, 28, 38, -23, -109, -109, -50, -2, -13, -51, -13, 72, 116, 68, -20, -40, -5, 12, -17, -75, -78, -13, 38, 12, -71, -121, -73, -2, 0, -68, -123, -117, -103, -134, -184, -205, -158, -77, -34, -84, -165, -179, -124, -81, -114, -188, -212, -154, -98, -97, -137, -132, -52, 12, 1, -78, -107, -54, 10, 21, -21, -29, 23, 80, 80, 22, -18, -2, 18, 19, -6, -43, -28, 32, 55, 10, -33, 0, 67, 90, 44, -17, -19, 42, 74, 10, -74, -91, -27, 33, 36, -4, -17, 43, 104, 97, 32, -11, -4, 41, 56, 16, -9, 7, 50, 48, -1, -28, -6, 39, 53, -24, -145, -168, -107, -99, -177, -253, -263, -211, -135, -93, -87, -57, 16, 73, 50, -21, -44, -8, 28, 8, -84, -133, -104, -73, -68, -114, -157, -130, -101, -157, -283, -377]",0,0.998218834400177,0.001781170954927802
